decimal_year,model_2020_ppm,model_2010_ppm,model_2000_ppm,model_1990_ppm,model_1980_ppm,model_1970_ppm,model_1960_ppm
1958.000000,313.928702,313.753848,313.821389,314.131298,314.419468,314.899511,316.112447
1958.083333,313.998974,313.825644,313.892854,314.198801,314.485289,314.962496,316.080632
1958.166667,314.069376,313.897573,313.964450,314.266436,314.551230,315.025512,316.048775
1958.250000,314.139909,313.969635,314.036179,314.334205,314.617289,315.088558,316.016877
1958.333333,314.210573,314.041830,314.108039,314.402109,314.683469,315.151634,315.984936
1958.416667,314.281368,314.114158,314.180032,314.470146,314.749768,315.214739,315.952954
1958.500000,314.352295,314.186620,314.252158,314.538318,314.816187,315.277873,315.920930
1958.583333,314.423353,314.259215,314.324416,314.606625,314.882726,315.341037,315.888864
1958.666667,314.494544,314.331944,314.396807,314.675068,314.949386,315.404229,315.856756
1958.750000,314.565866,314.404807,314.469330,314.743645,315.016165,315.467449,315.824607
1958.833333,314.637320,314.477803,314.541987,314.812358,315.083066,315.530698,315.792417
1958.916667,314.708907,314.550934,314.614777,314.881207,315.150088,315.593974,315.760185
1959.000000,314.780627,314.624199,314.687701,314.950192,315.217230,315.657278,315.727911
1959.083333,314.852479,314.697599,314.760758,315.019314,315.284494,315.720609,315.695597
1959.166667,314.924464,314.771133,314.833949,315.088572,315.351880,315.783967,315.663241
1959.250000,314.996582,314.844802,314.907273,315.157967,315.419387,315.847352,315.630844
1959.333333,315.068833,314.918606,314.980732,315.227500,315.487016,315.910763,315.598406
1959.416667,315.141218,314.992545,315.054325,315.297170,315.554766,315.974200,315.565928
1959.500000,315.213737,315.066619,315.128052,315.366977,315.622640,316.037663,315.533408
1959.583333,315.286389,315.140829,315.201914,315.436923,315.690635,316.101151,315.500847
1959.666667,315.359175,315.215174,315.275911,315.507007,315.758753,316.164664,315.468246
1959.750000,315.432096,315.289655,315.350042,315.577230,315.826994,316.228203,315.435604
1959.833333,315.505151,315.364272,315.424308,315.647592,315.895358,316.291765,315.402922
1959.916667,315.578340,315.439025,315.498710,315.718093,315.963846,316.355352,315.370199
1960.000000,315.651664,315.513915,315.573247,315.788733,316.032456,316.418964,315.337435
1960.083333,315.725123,315.588940,315.647919,315.859513,316.101191,316.482598,315.304632
1960.166667,315.798717,315.664102,315.722727,315.930433,316.170049,316.546256,315.271788
1960.250000,315.872447,315.739401,315.797671,316.001493,316.239031,316.609938,315.238904
1960.333333,315.946312,315.814837,315.872751,316.072694,316.308137,316.673642,315.205979
1960.416667,316.020312,315.890409,315.947967,316.144035,316.377367,316.737368,315.173015
1960.500000,316.094448,315.966119,316.023319,316.215518,316.446722,316.801117,315.140011
1960.583333,316.168721,316.041966,316.098807,316.287142,316.516202,316.864888,315.106967
1960.666667,316.243129,316.117950,316.174432,316.358908,316.585807,316.928680,315.073884
1960.750000,316.317674,316.194072,316.250194,316.430815,316.655537,316.992493,315.040760
1960.833333,316.392355,316.270332,316.326093,316.502865,316.725393,317.056328,315.007597
1960.916667,316.467174,316.346730,316.402129,316.575057,316.795373,317.120183,314.974395
1961.000000,316.542129,316.423266,316.478302,316.647393,316.865480,317.184059,314.941153
1961.083333,316.617221,316.499940,316.554612,316.719871,316.935713,317.247955,314.907872
1961.166667,316.692450,316.576752,316.631060,316.792492,317.006071,317.311870,314.874552
1961.250000,316.767817,316.653703,316.707646,316.865257,317.076556,317.375805,314.841192
1961.333333,316.843321,316.730792,316.784369,316.938166,317.147168,317.439759,314.807794
1961.416667,316.918964,316.808021,316.861231,317.011220,317.217906,317.503732,314.774357
1961.500000,316.994744,316.885388,316.938230,317.084417,317.288772,317.567724,314.740880
1961.583333,317.070662,316.962894,317.015368,317.157760,317.359764,317.631734,314.707365
1961.666667,317.146719,317.040540,317.092644,317.231247,317.430884,317.695762,314.673812
1961.750000,317.222914,317.118325,317.170059,317.304880,317.502131,317.759807,314.640219
1961.833333,317.299248,317.196250,317.247613,317.378658,317.573506,317.823870,314.606589
1961.916667,317.375721,317.274315,317.325305,317.452583,317.645009,317.887950,314.572920
1962.000000,317.452333,317.352519,317.403137,317.526653,317.716640,317.952047,314.539212
1962.083333,317.529084,317.430863,317.481108,317.600871,317.788399,318.016160,314.505467
1962.166667,317.605975,317.509348,317.559218,317.675234,317.860287,318.080289,314.471683
1962.250000,317.683005,317.587973,317.637468,317.749745,317.932304,318.144435,314.437861
1962.333333,317.760175,317.666738,317.715857,317.824404,318.004449,318.208595,314.404001
1962.416667,317.837485,317.745644,317.794386,317.899210,318.076724,318.272771,314.370104
1962.500000,317.914935,317.824691,317.873055,317.974163,318.149128,318.336962,314.336169
1962.583333,317.992526,317.903879,317.951865,318.049266,318.221661,318.401167,314.302196
1962.666667,318.070257,317.983207,318.030814,318.124516,318.294325,318.465387,314.268186
1962.750000,318.148129,318.062677,318.109904,318.199916,318.367118,318.529621,314.234138
1962.833333,318.226141,318.142289,318.189135,318.275464,318.440041,318.593868,314.200053
1962.916667,318.304295,318.222042,318.268506,318.351162,318.513095,318.658129,314.165931
1963.000000,318.382590,318.301936,318.348018,318.427010,318.586279,318.722403,314.131771
1963.083333,318.461026,318.381973,318.427672,318.503008,318.659594,318.786689,314.097575
1963.166667,318.539604,318.462151,318.507466,318.579156,318.733039,318.850988,314.063342
1963.250000,318.618323,318.542471,318.587402,318.655454,318.806616,318.915299,314.029072
1963.333333,318.697185,318.622934,318.667479,318.731904,318.880324,318.979622,313.994765
1963.416667,318.776189,318.703539,318.747698,318.808505,318.954164,319.043957,313.960422
1963.500000,318.855335,318.784287,318.828058,318.885257,319.028136,319.108302,313.926042
1963.583333,318.934623,318.865177,318.908561,318.962161,319.102239,319.172659,313.891626
1963.666667,319.014054,318.946210,318.989206,319.039217,319.176475,319.237026,313.857173
1963.750000,319.093628,319.027386,319.069992,319.116425,319.250843,319.301404,313.822684
1963.833333,319.173345,319.108706,319.150922,319.193787,319.325343,319.365791,313.788160
1963.916667,319.253205,319.190168,319.231993,319.271301,319.399976,319.430188,313.753599
1964.000000,319.333209,319.271774,319.313208,319.348968,319.474743,319.494594,313.719002
1964.083333,319.413356,319.353523,319.394565,319.426789,319.549642,319.559010,313.684370
1964.166667,319.493647,319.435416,319.476065,319.504764,319.624675,319.623434,313.649702
1964.250000,319.574081,319.517453,319.557708,319.582894,319.699841,319.687866,313.614999
1964.333333,319.654660,319.599634,319.639495,319.661177,319.775141,319.752307,313.580260
1964.416667,319.735383,319.681959,319.721425,319.739616,319.850575,319.816755,313.545486
1964.500000,319.816251,319.764429,319.803498,319.818210,319.926144,319.881211,313.510677
1964.583333,319.897263,319.847042,319.885715,319.896959,320.001846,319.945674,313.475832
1964.666667,319.978420,319.929801,319.968076,319.975864,320.077683,320.010144,313.440953
1964.750000,320.059722,320.012704,320.050581,320.054924,320.153656,320.074620,313.406039
1964.833333,320.141169,320.095751,320.133230,320.134142,320.229763,320.139103,313.371090
1964.916667,320.222761,320.178944,320.216023,320.213516,320.306005,320.203591,313.336106
1965.000000,320.304499,320.262282,320.298961,320.293047,320.382383,320.268085,313.301088
1965.083333,320.386383,320.345765,320.382043,320.372735,320.458896,320.332584,313.266036
1965.166667,320.468412,320.429393,320.465270,320.452581,320.535545,320.397088,313.230949
1965.250000,320.550588,320.513167,320.548642,320.532584,320.612330,320.461597,313.195828
1965.333333,320.632909,320.597087,320.632158,320.612746,320.689252,320.526110,313.160674
1965.416667,320.715377,320.681152,320.715820,320.693067,320.766309,320.590628,313.125485
1965.500000,320.797992,320.765363,320.799627,320.773546,320.843504,320.655149,313.090262
1965.583333,320.880753,320.849721,320.883580,320.854185,320.920835,320.719673,313.055006
1965.666667,320.963662,320.934224,320.967678,320.934983,320.998304,320.784200,313.019716
1965.750000,321.046717,321.018874,321.051921,321.015940,321.075910,320.848730,312.984393
1965.833333,321.129920,321.103670,321.136311,321.097058,321.153653,320.913263,312.949036
1965.916667,321.213270,321.188613,321.220846,321.178337,321.231534,320.977798,312.913647
1966.000000,321.296767,321.273703,321.305528,321.259776,321.309553,321.042334,312.878224
1966.083333,321.380413,321.358939,321.390356,321.341376,321.387709,321.106872,312.842768
1966.166667,321.464206,321.444323,321.475330,321.423137,321.466005,321.171411,312.807279
1966.250000,321.548148,321.529854,321.560450,321.505061,321.544439,321.235951,312.771758
1966.333333,321.632238,321.615532,321.645718,321.587146,321.623011,321.300492,312.736204
1966.416667,321.716476,321.701357,321.731132,321.669393,321.701723,321.365033,312.700618
1966.500000,321.800863,321.787330,321.816693,321.751804,321.780573,321.429574,312.664999
1966.583333,321.885399,321.873451,321.902401,321.834377,321.859563,321.494114,312.629348
1966.666667,321.970084,321.959719,321.988256,321.917113,321.938693,321.558654,312.593666
1966.750000,322.054918,322.046135,322.074259,322.000013,322.017962,321.623193,312.557951
1966.833333,322.139901,322.132700,322.160409,322.083078,322.097371,321.687730,312.522204
1966.916667,322.225034,322.219412,322.246706,322.166306,322.176921,321.752266,312.486425
1967.000000,322.310317,322.306273,322.333152,322.249699,322.256611,321.816799,312.450616
1967.083333,322.395750,322.393283,322.419745,322.333257,322.336442,321.881331,312.414774
1967.166667,322.481332,322.480441,322.506486,322.416980,322.416413,321.945860,312.378901
1967.250000,322.567065,322.567747,322.593376,322.500869,322.496525,322.010386,312.342997
1967.333333,322.652948,322.655203,322.680413,322.584923,322.576779,322.074909,312.307063
1967.416667,322.738982,322.742807,322.767599,322.669144,322.657174,322.139428,312.271097
1967.500000,322.825167,322.830561,322.854934,322.753532,322.737711,322.203943,312.235100
1967.583333,322.911502,322.918464,322.942417,322.838086,322.818390,322.268455,312.199073
1967.666667,322.997989,323.006516,323.030049,322.922808,322.899211,322.332961,312.163015
1967.750000,323.084627,323.094718,323.117830,323.007697,322.980174,322.397463,312.126927
1967.833333,323.171416,323.183069,323.205760,323.092754,323.061280,322.461960,312.090808
1967.916667,323.258357,323.271570,323.293840,323.177979,323.142528,322.526452,312.054660
1968.000000,323.345449,323.360221,323.382068,323.263373,323.223920,322.590937,312.018481
1968.083333,323.432694,323.449021,323.470446,323.348936,323.305454,322.655417,311.982273
1968.166667,323.520091,323.537972,323.558974,323.434668,323.387132,322.719891,311.946034
1968.250000,323.607640,323.627074,323.647651,323.520569,323.468954,322.784357,311.909767
1968.333333,323.695341,323.716325,323.736479,323.606640,323.550919,322.848817,311.873470
1968.416667,323.783195,323.805727,323.825456,323.692882,323.633028,322.913269,311.837143
1968.500000,323.871202,323.895280,323.914583,323.779294,323.715282,322.977714,311.800787
1968.583333,323.959362,323.984983,324.003861,323.865877,323.797680,323.042151,311.764403
1968.666667,324.047675,324.074837,324.093289,323.952631,323.880223,323.106580,311.727989
1968.750000,324.136141,324.164842,324.182867,324.039557,323.962910,323.171000,311.691547
1968.833333,324.224761,324.254998,324.272596,324.126655,324.045743,323.235411,311.655076
1968.916667,324.313534,324.345306,324.362475,324.213925,324.128721,323.299813,311.618577
1969.000000,324.402461,324.435764,324.452506,324.301367,324.211844,323.364206,311.582049
1969.083333,324.491543,324.526374,324.542688,324.388983,324.295113,323.428589,311.545493
1969.166667,324.580778,324.617136,324.633020,324.476772,324.378528,323.492962,311.508909
1969.250000,324.670168,324.708049,324.723504,324.564734,324.462090,323.557324,311.472297
1969.333333,324.759712,324.799115,324.814139,324.652871,324.545797,323.621676,311.435658
1969.416667,324.849411,324.890332,324.904926,324.741181,324.629651,323.686016,311.398990
1969.500000,324.939264,324.981701,324.995864,324.829667,324.713652,323.750345,311.362296
1969.583333,325.029273,325.073222,325.086954,324.918327,324.797800,323.814663,311.325573
1969.666667,325.119437,325.164895,325.178196,325.007163,324.882096,323.878969,311.288824
1969.750000,325.209756,325.256721,325.269590,325.096174,324.966538,323.943262,311.252048
1969.833333,325.300230,325.348700,325.361136,325.185362,325.051129,324.007543,311.215245
1969.916667,325.390860,325.440831,325.452834,325.274725,325.135867,324.071811,311.178415
1970.000000,325.481647,325.533114,325.544684,325.364266,325.220753,324.136065,311.141558
1970.083333,325.572589,325.625551,325.636687,325.453984,325.305788,324.200306,311.104675
1970.166667,325.663687,325.718140,325.728843,325.543879,325.390971,324.264534,311.067766
1970.250000,325.754941,325.810883,325.821151,325.633952,325.476303,324.328747,311.030830
1970.333333,325.846352,325.903778,325.913612,325.724203,325.561784,324.392946,310.993869
1970.416667,325.937920,325.996827,326.006226,325.814632,325.647414,324.457130,310.956881
1970.500000,326.029644,326.090029,326.098993,325.905240,325.733193,324.521299,310.919868
1970.583333,326.121526,326.183385,326.191913,325.996028,325.819122,324.585452,310.882830
1970.666667,326.213564,326.276895,326.284986,326.086995,325.905201,324.649590,310.845766
1970.750000,326.305760,326.370558,326.378213,326.178142,325.991430,324.713712,310.808676
1970.833333,326.398114,326.464375,326.471593,326.269469,326.077809,324.777818,310.771562
1970.916667,326.490624,326.558346,326.565127,326.360977,326.164339,324.841907,310.734422
1971.000000,326.583293,326.652470,326.658814,326.452666,326.251019,324.905979,310.697258
1971.083333,326.676120,326.746750,326.752656,326.544536,326.337851,324.970034,310.660069
1971.166667,326.769105,326.841183,326.846651,326.636588,326.424833,325.034072,310.622856
1971.250000,326.862248,326.935771,326.940800,326.728822,326.511967,325.098091,310.585618
1971.333333,326.955550,327.030513,327.035104,326.821238,326.599252,325.162093,310.548356
1971.416667,327.049010,327.125409,327.129562,326.913838,326.686689,325.226076,310.511070
1971.500000,327.142629,327.220461,327.224174,327.006620,326.774278,325.290041,310.473760
1971.583333,327.236407,327.315667,327.318941,327.099586,326.862020,325.353986,310.436426
1971.666667,327.330344,327.411028,327.413862,327.192735,326.949914,325.417912,310.399069
1971.750000,327.424440,327.506544,327.508938,327.286069,327.037960,325.481819,310.361688
1971.833333,327.518695,327.602215,327.604169,327.379587,327.126160,325.545705,310.324284
1971.916667,327.613111,327.698041,327.699555,327.473291,327.214512,325.609571,310.286857
1972.000000,327.707685,327.794023,327.795096,327.567180,327.303018,325.673417,310.249407
1972.083333,327.802420,327.890160,327.890792,327.661254,327.391677,325.737242,310.211934
1972.166667,327.897315,327.986452,327.986644,327.755514,327.480490,325.801046,310.174439
1972.250000,327.992370,328.082900,328.082651,327.849961,327.569457,325.864828,310.136921
1972.333333,328.087586,328.179504,328.178813,327.944595,327.658579,325.928589,310.099381
1972.416667,328.182962,328.276263,328.275131,328.039416,327.747855,325.992328,310.061818
1972.500000,328.278498,328.373179,328.371604,328.134424,327.837285,326.056044,310.024234
1972.583333,328.374196,328.470250,328.468234,328.229620,327.926870,326.119738,309.986627
1972.666667,328.470054,328.567477,328.565019,328.325005,328.016611,326.183408,309.948999
1972.750000,328.566074,328.664861,328.661960,328.420578,328.106506,326.247056,309.911350
1972.833333,328.662255,328.762401,328.759058,328.516340,328.196557,326.310680,309.873679
1972.916667,328.758597,328.860097,328.856311,328.612292,328.286764,326.374280,309.835987
1973.000000,328.855101,328.957949,328.953721,328.708433,328.377127,326.437856,309.798273
1973.083333,328.951767,329.055958,329.051288,328.804764,328.467646,326.501408,309.760539
1973.166667,329.048595,329.154124,329.149010,328.901286,328.558322,326.564935,309.722785
1973.250000,329.145585,329.252447,329.246890,328.997999,328.649154,326.628436,309.685009
1973.333333,329.242737,329.350926,329.344926,329.094903,328.740143,326.691913,309.647213
1973.416667,329.340051,329.449562,329.443119,329.191999,328.831289,326.755364,309.609398
1973.500000,329.437528,329.548356,329.541469,329.289287,328.922593,326.818789,309.571561
1973.583333,329.535168,329.647306,329.639976,329.386767,329.014054,326.882188,309.533706
1973.666667,329.632971,329.746413,329.738640,329.484440,329.105672,326.945561,309.495830
1973.750000,329.730937,329.845678,329.837461,329.582306,329.197449,327.008906,309.457935
1973.833333,329.829065,329.945100,329.936440,329.680366,329.289384,327.072225,309.420020
1973.916667,329.927357,330.044680,330.035576,329.778620,329.381477,327.135516,309.382086
1974.000000,330.025813,330.144417,330.134869,329.877068,329.473729,327.198780,309.344133
1974.083333,330.124432,330.244311,330.234320,329.975710,329.566140,327.262016,309.306161
1974.166667,330.223215,330.344364,330.333929,330.074548,329.658710,327.325223,309.268170
1974.250000,330.322162,330.444574,330.433695,330.173582,329.751439,327.388402,309.230161
1974.333333,330.421273,330.544942,330.533619,330.272811,329.844328,327.451553,309.192134
1974.416667,330.520549,330.645468,330.633702,330.372236,329.937376,327.514674,309.154088
1974.500000,330.619988,330.746152,330.733942,330.471858,330.030585,327.577766,309.116024
1974.583333,330.719592,330.846994,330.834340,330.571677,330.123954,327.640828,309.077942
1974.666667,330.819361,330.947994,330.934897,330.671693,330.217483,327.703860,309.039842
1974.750000,330.919295,331.049153,331.035612,330.771908,330.311173,327.766862,309.001725
1974.833333,331.019393,331.150470,331.136485,330.872320,330.405023,327.829833,308.963591
1974.916667,331.119657,331.251945,331.237517,330.972931,330.499035,327.892774,308.925439
1975.000000,331.220086,331.353579,331.338707,331.073741,330.593208,327.955684,308.887270
1975.083333,331.320681,331.455371,331.440056,331.174750,330.687543,328.018562,308.849084
1975.166667,331.421441,331.557322,331.541564,331.275960,330.782039,328.081408,308.810882
1975.250000,331.522366,331.659432,331.643231,331.377369,330.876697,328.144223,308.772663
1975.333333,331.623458,331.761701,331.745057,331.478979,330.971518,328.207005,308.734427
1975.416667,331.724716,331.864128,331.847041,331.580790,331.066501,328.269755,308.696176
1975.500000,331.826139,331.966715,331.949185,331.682802,331.161647,328.332473,308.657908
1975.583333,331.927729,332.069460,332.051488,331.785016,331.256956,328.395157,308.619625
1975.666667,332.029486,332.172365,332.153950,331.887432,331.352427,328.457808,308.581326
1975.750000,332.131409,332.275429,332.256571,331.990050,331.448062,328.520425,308.543011
1975.833333,332.233499,332.378652,332.359352,332.092872,331.543861,328.583008,308.504681
1975.916667,332.335755,332.482035,332.462292,332.195897,331.639824,328.645557,308.466336
1976.000000,332.438179,332.585576,332.565392,332.299125,331.735950,328.708072,308.427976
1976.083333,332.540770,332.689278,332.668652,332.402558,331.832241,328.770552,308.389601
1976.166667,332.643528,332.793138,332.772071,332.506196,331.928696,328.832997,308.351211
1976.250000,332.746454,332.897159,332.875650,332.610038,332.025316,328.895407,308.312807
1976.333333,332.849547,333.001339,332.979389,332.714086,332.122101,328.957781,308.274388
1976.416667,332.952808,333.105679,333.083288,332.818339,332.219051,329.020119,308.235956
1976.500000,333.056237,333.210178,333.187347,332.922799,332.316167,329.082421,308.197509
1976.583333,333.159833,333.314838,333.291566,333.027465,332.413448,329.144687,308.159049
1976.666667,333.263598,333.419657,333.395945,333.132339,332.510895,329.206917,308.120575
1976.750000,333.367532,333.524637,333.500485,333.237419,332.608508,329.269109,308.082088
1976.833333,333.471633,333.629776,333.605185,333.342708,332.706287,329.331264,308.043588
1976.916667,333.575903,333.735076,333.710045,333.448204,332.804233,329.393382,308.005074
1977.000000,333.680342,333.840536,333.815066,333.553910,332.902345,329.455462,307.966548
1977.083333,333.784950,333.946156,333.920247,333.659824,333.000625,329.517504,307.928009
1977.166667,333.889727,334.051936,334.025589,333.765948,333.099071,329.579508,307.889457
1977.250000,333.994673,334.157877,334.131092,333.872282,333.197686,329.641474,307.850893
1977.333333,334.099788,334.263978,334.236755,333.978826,333.296467,329.703400,307.812317
1977.416667,334.205072,334.370240,334.342579,334.085581,333.395417,329.765288,307.773728
1977.500000,334.310526,334.476662,334.448565,334.192547,333.494535,329.827136,307.735128
1977.583333,334.416150,334.583245,334.554711,334.299724,333.593821,329.888945,307.696517
1977.666667,334.521944,334.689988,334.661018,334.407114,333.693276,329.950714,307.657893
1977.750000,334.627907,334.796892,334.767486,334.514716,333.792899,330.012442,307.619259
1977.833333,334.734041,334.903957,334.874115,334.622530,333.892692,330.074131,307.580613
1977.916667,334.840344,335.011183,334.980906,334.730558,333.992653,330.135779,307.541957
1978.000000,334.946818,335.118569,335.087858,334.838800,334.092784,330.197386,307.503290
1978.083333,335.053463,335.226117,335.194971,334.947255,334.193085,330.258951,307.464612
1978.166667,335.160278,335.333825,335.302246,335.055925,334.293556,330.320476,307.425924
1978.250000,335.267264,335.441695,335.409682,335.164810,334.394197,330.381959,307.387225
1978.333333,335.374420,335.549725,335.517279,335.273911,334.495009,330.443399,307.348517
1978.416667,335.481748,335.657917,335.625038,335.383227,334.595991,330.504798,307.309798
1978.500000,335.589247,335.766269,335.732959,335.492759,334.697144,330.566154,307.271070
1978.583333,335.696917,335.874783,335.841042,335.602508,334.798467,330.627468,307.232333
1978.666667,335.804758,335.983459,335.949286,335.712474,334.899963,330.688739,307.193586
1978.750000,335.912771,336.092295,336.057692,335.822657,335.001630,330.749966,307.154830
1978.833333,336.020956,336.201293,336.166260,335.933059,335.103468,330.811150,307.116065
1978.916667,336.129312,336.310452,336.274990,336.043679,335.205479,330.872290,307.077292
1979.000000,336.237840,336.419773,336.383882,336.154517,335.307661,330.933387,307.038510
1979.083333,336.346540,336.529255,336.492936,336.265575,335.410017,330.994439,306.999719
1979.166667,336.455413,336.638899,336.602152,336.376852,335.512544,331.055447,306.960920
1979.250000,336.564457,336.748704,336.711531,336.488349,335.615245,331.116410,306.922113
1979.333333,336.673674,336.858671,336.821071,336.600067,335.718119,331.177328,306.883299
1979.416667,336.783064,336.968800,336.930774,336.712006,335.821166,331.238201,306.844476
1979.500000,336.892626,337.079090,337.040639,336.824167,335.924387,331.299029,306.805647
1979.583333,337.002361,337.189542,337.150666,336.936549,336.027782,331.359811,306.766809
1979.666667,337.112269,337.300156,337.260856,337.049153,336.131351,331.420547,306.727965
1979.750000,337.222350,337.410931,337.371208,337.161980,336.235094,331.481237,306.689114
1979.833333,337.332604,337.521868,337.481722,337.275030,336.339011,331.541880,306.650256
1979.916667,337.443031,337.632967,337.592399,337.388304,336.443104,331.602477,306.611391
1980.000000,337.553632,337.744228,337.703239,337.501802,336.547371,331.663027,306.572520
1980.083333,337.664406,337.855651,337.814242,337.615524,336.651814,331.723530,306.533643
1980.166667,337.775353,337.967236,337.925407,337.729471,336.756432,331.783985,306.494760
1980.250000,337.886475,338.078983,338.036734,337.843644,336.861225,331.844393,306.455871
1980.333333,337.997770,338.190892,338.148225,337.958042,336.966195,331.904753,306.416976
1980.416667,338.109240,338.302963,338.259878,338.072666,337.071340,331.965065,306.378076
1980.500000,338.220883,338.415196,338.371694,338.187518,337.176662,332.025329,306.339171
1980.583333,338.332701,338.527591,338.483673,338.302596,337.282161,332.085544,306.300260
1980.666667,338.444693,338.640148,338.595815,338.417902,337.387836,332.145710,306.261345
1980.750000,338.556859,338.752867,338.708120,338.533436,337.493689,332.205827,306.222425
1980.833333,338.669200,338.865749,338.820588,338.649199,337.599718,332.265895,306.183500
1980.916667,338.781716,338.978793,338.933218,338.765190,337.705926,332.325914,306.144571
1981.000000,338.894406,339.091999,339.046012,338.881411,337.812310,332.385883,306.105638
1981.083333,339.007272,339.205367,339.158969,338.997862,337.918873,332.445802,306.066700
1981.166667,339.120312,339.318897,339.272089,339.114543,338.025615,332.505671,306.027759
1981.250000,339.233528,339.432590,339.385373,339.231455,338.132534,332.565489,305.988815
1981.333333,339.346918,339.546445,339.498819,339.348598,338.239632,332.625257,305.949866
1981.416667,339.460484,339.660462,339.612429,339.465972,338.346909,332.684974,305.910915
1981.500000,339.574226,339.774642,339.726202,339.583579,338.454366,332.744639,305.871961
1981.583333,339.688143,339.888984,339.840138,339.701419,338.562001,332.804254,305.833003
1981.666667,339.802236,340.003488,339.954237,339.819491,338.669816,332.863817,305.794043
1981.750000,339.916505,340.118155,340.068500,339.937797,338.777811,332.923328,305.755081
1981.833333,340.030949,340.232984,340.182926,340.056337,338.885986,332.982787,305.716116
1981.916667,340.145570,340.347976,340.297516,340.175111,338.994342,333.042194,305.677149
1982.000000,340.260367,340.463130,340.412269,340.294121,339.102878,333.101549,305.638180
1982.083333,340.375340,340.578446,340.527186,340.413365,339.211594,333.160851,305.599209
1982.166667,340.490489,340.693925,340.642265,340.532846,339.320492,333.220100,305.560236
1982.250000,340.605815,340.809567,340.757509,340.652563,339.429570,333.279296,305.521263
1982.333333,340.721317,340.925371,340.872916,340.772516,339.538831,333.338439,305.482288
1982.416667,340.836996,341.041337,340.988486,340.892707,339.648272,333.397528,305.443312
1982.500000,340.952852,341.157466,341.104220,341.013135,339.757896,333.456564,305.404335
1982.583333,341.068884,341.273757,341.220118,341.133802,339.867702,333.515545,305.365357
1982.666667,341.185094,341.390211,341.336179,341.254707,339.977690,333.574473,305.326379
1982.750000,341.301481,341.506827,341.452404,341.375852,340.087861,333.633346,305.287401
1982.833333,341.418045,341.623606,341.568792,341.497236,340.198215,333.692165,305.248422
1982.916667,341.534786,341.740547,341.685344,341.618860,340.308752,333.750929,305.209444
1983.000000,341.651704,341.857651,341.802060,341.740725,340.419472,333.809637,305.170466
1983.083333,341.768800,341.974917,341.918939,341.862830,340.530375,333.868291,305.131488
1983.166667,341.886074,342.092346,342.035982,341.985177,340.641462,333.926889,305.092511
1983.250000,342.003525,342.209937,342.153189,342.107766,340.752734,333.985432,305.053535
1983.333333,342.121154,342.327691,342.270560,342.230598,340.864189,334.043919,305.014560
1983.416667,342.238961,342.445608,342.388094,342.353672,340.975829,334.102349,304.975586
1983.500000,342.356946,342.563686,342.505792,342.476990,341.087654,334.160724,304.936613
1983.583333,342.475109,342.681928,342.623653,342.600552,341.199663,334.219042,304.897642
1983.666667,342.593450,342.800331,342.741679,342.724358,341.311858,334.277304,304.858673
1983.750000,342.711969,342.918898,342.859868,342.848409,341.424238,334.335508,304.819706
1983.833333,342.830667,343.037626,342.978221,342.972705,341.536803,334.393656,304.780740
1983.916667,342.949543,343.156517,343.096737,343.097248,341.649555,334.451746,304.741778
1984.000000,343.068598,343.275571,343.215418,343.222036,341.762492,334.509779,304.702817
1984.083333,343.187831,343.394787,343.334262,343.347071,341.875616,334.567755,304.663859
1984.166667,343.307243,343.514166,343.453270,343.472354,341.988926,334.625672,304.624904
1984.250000,343.426834,343.633706,343.572441,343.597884,342.102423,334.683532,304.585953
1984.333333,343.546604,343.753410,343.691777,343.723663,342.216108,334.741333,304.547004
1984.416667,343.666552,343.873275,343.811276,343.849690,342.329979,334.799076,304.508059
1984.500000,343.786680,343.993303,343.930939,343.975967,342.444038,334.856760,304.469117
1984.583333,343.906987,344.113494,344.050766,344.102493,342.558284,334.914386,304.430179
1984.666667,344.027474,344.233846,344.170757,344.229269,342.672719,334.971952,304.391246
1984.750000,344.148139,344.354361,344.290911,344.356297,342.787341,335.029460,304.352316
1984.833333,344.268984,344.475039,344.411229,344.483575,342.902152,335.086908,304.313390
1984.916667,344.390009,344.595878,344.531711,344.611105,343.017152,335.144296,304.274470
1985.000000,344.511213,344.716880,344.652356,344.738888,343.132340,335.201625,304.235554
1985.083333,344.632597,344.838044,344.773166,344.866923,343.247718,335.258894,304.196642
1985.166667,344.754161,344.959370,344.894139,344.995211,343.363284,335.316102,304.157736
1985.250000,344.875904,345.080859,345.015275,345.123754,343.479041,335.373251,304.118835
1985.333333,344.997828,345.202509,345.136576,345.252550,343.594987,335.430339,304.079940
1985.416667,345.119931,345.324322,345.258040,345.381601,343.711123,335.487366,304.041050
1985.500000,345.242215,345.446297,345.379668,345.510907,343.827449,335.544333,304.002166
1985.583333,345.364679,345.568434,345.501459,345.640469,343.943966,335.601238,303.963288
1985.666667,345.487323,345.690733,345.623414,345.770287,344.060674,335.658082,303.924416
1985.750000,345.610147,345.813194,345.745533,345.900362,344.177572,335.714865,303.885551
1985.833333,345.733152,345.935816,345.867816,346.030695,344.294662,335.771587,303.846692
1985.916667,345.856338,346.058601,345.990262,346.161284,344.411943,335.828246,303.807840
1986.000000,345.979703,346.181548,346.112871,346.292133,344.529416,335.884844,303.768994
1986.083333,346.103250,346.304657,346.235644,346.423240,344.647080,335.941380,303.730156
1986.166667,346.226977,346.427927,346.358581,346.554606,344.764937,335.997853,303.691325
1986.250000,346.350886,346.551359,346.481681,346.686232,344.882986,336.054264,303.652502
1986.333333,346.474975,346.674953,346.604945,346.818119,345.001227,336.110613,303.613686
1986.416667,346.599245,346.798709,346.728372,346.950266,345.119662,336.166899,303.574878
1986.500000,346.723696,346.922627,346.851963,347.082675,345.238289,336.223121,303.536078
1986.583333,346.848328,347.046706,346.975717,347.215345,345.357110,336.279281,303.497287
1986.666667,346.973141,347.170946,347.099634,347.348278,345.476124,336.335377,303.458503
1986.750000,347.098135,347.295349,347.223715,347.481474,345.595332,336.391410,303.419728
1986.833333,347.223311,347.419912,347.347960,347.614933,345.714733,336.447380,303.380962
1986.916667,347.348668,347.544638,347.472367,347.748656,345.834329,336.503286,303.342205
1987.000000,347.474207,347.669524,347.596938,347.882644,345.954120,336.559127,303.303457
1987.083333,347.599927,347.794572,347.721672,348.016896,346.074105,336.614905,303.264718
1987.166667,347.725829,347.919781,347.846569,348.151414,346.194285,336.670618,303.225989
1987.250000,347.851912,348.045152,347.971630,348.286199,346.314660,336.726267,303.187269
1987.333333,347.978178,348.170684,348.096853,348.421249,346.435230,336.781852,303.148560
1987.416667,348.104624,348.296377,348.222240,348.556567,346.555996,336.837372,303.109860
1987.500000,348.231253,348.422231,348.347790,348.692153,346.676957,336.892827,303.071170
1987.583333,348.358064,348.548246,348.473503,348.828006,346.798115,336.948216,303.032491
1987.666667,348.485056,348.674422,348.599379,348.964128,346.919469,337.003541,302.993822
1987.750000,348.612231,348.800760,348.725418,349.100520,347.041019,337.058800,302.955164
1987.833333,348.739588,348.927258,348.851619,349.237181,347.162767,337.113994,302.916517
1987.916667,348.867127,349.053917,348.977984,349.374113,347.284711,337.169122,302.877881
1988.000000,348.994848,349.180736,349.104511,349.511315,347.406852,337.224185,302.839256
1988.083333,349.122751,349.307717,349.231202,349.648789,347.529191,337.279181,302.800643
1988.166667,349.250837,349.434858,349.358055,349.786534,347.651727,337.334112,302.762041
1988.250000,349.379105,349.562159,349.485071,349.924552,347.774461,337.388976,302.723451
1988.333333,349.507555,349.689622,349.612249,350.062843,347.897394,337.443773,302.684873
1988.416667,349.636188,349.817244,349.739590,350.201407,348.020524,337.498505,302.646307
1988.500000,349.765004,349.945027,349.867094,350.340246,348.143854,337.553169,302.607754
1988.583333,349.894002,350.072971,349.994760,350.479359,348.267382,337.607767,302.569213
1988.666667,350.023183,350.201074,350.122588,350.618747,348.391109,337.662297,302.530685
1988.750000,350.152546,350.329338,350.250580,350.758411,348.515035,337.716761,302.492169
1988.833333,350.282092,350.457762,350.378733,350.898351,348.639161,337.771157,302.453667
1988.916667,350.411821,350.586346,350.507049,351.038568,348.763487,337.825486,302.415178
1989.000000,350.541733,350.715091,350.635527,351.179062,348.888012,337.879748,302.376702
1989.083333,350.671828,350.843995,350.764167,351.319834,349.012738,337.933941,302.338240
1989.166667,350.802106,350.973058,350.892969,351.460884,349.137664,337.988067,302.299792
1989.250000,350.932567,351.102282,351.021933,351.602214,349.262791,338.042125,302.261357
1989.333333,351.063211,351.231665,351.151060,351.743823,349.388118,338.096115,302.222937
1989.416667,351.194037,351.361208,351.280348,351.885712,349.513647,338.150037,302.184531
1989.500000,351.325047,351.490910,351.409798,352.027881,349.639377,338.203890,302.146139
1989.583333,351.456241,351.620772,351.539410,352.170332,349.765309,338.257675,302.107762
1989.666667,351.587617,351.750794,351.669184,352.313064,349.891442,338.311392,302.069400
1989.750000,351.719177,351.880974,351.799120,352.456079,350.017778,338.365039,302.031052
1989.833333,351.850920,352.011314,351.929217,352.599377,350.144315,338.418618,301.992720
1989.916667,351.982846,352.141813,352.059476,352.742957,350.271055,338.472128,301.954404
1990.000000,352.114956,352.272470,352.189896,352.886822,350.397998,338.525568,301.916102
1990.083333,352.247249,352.403287,352.320478,353.030972,350.525144,338.578940,301.877817
1990.166667,352.379726,352.534263,352.451221,353.175406,350.652493,338.632241,301.839547
1990.250000,352.512386,352.665397,352.582125,353.320127,350.780045,338.685474,301.801293
1990.333333,352.645230,352.796691,352.713191,353.465133,350.907801,338.738637,301.763055
1990.416667,352.778257,352.928142,352.844417,353.610426,351.035761,338.791730,301.724834
1990.500000,352.911468,353.059752,352.975805,353.756007,351.163925,338.844753,301.686629
1990.583333,353.044862,353.191521,353.107354,353.901875,351.292293,338.897706,301.648441
1990.666667,353.178441,353.323448,353.239064,354.048032,351.420866,338.950589,301.610270
1990.750000,353.312203,353.455533,353.370934,354.194478,351.549644,339.003402,301.572116
1990.833333,353.446148,353.587776,353.502966,354.341214,351.678626,339.056145,301.533979
1990.916667,353.580278,353.720178,353.635158,354.488240,351.807814,339.108817,301.495859
1991.000000,353.714591,353.852737,353.767510,354.635556,351.937207,339.161419,301.457757
1991.083333,353.849088,353.985454,353.900024,354.783164,352.066806,339.213950,301.419673
1991.166667,353.983769,354.118329,354.032697,354.931064,352.196611,339.266410,301.381606
1991.250000,354.118634,354.251361,354.165531,355.079256,352.326622,339.318799,301.343558
1991.333333,354.253682,354.384551,354.298525,355.227742,352.456839,339.371117,301.305528
1991.416667,354.388915,354.517898,354.431680,355.376521,352.587263,339.423364,301.267516
1991.500000,354.524331,354.651403,354.564994,355.525594,352.717893,339.475540,301.229522
1991.583333,354.659932,354.785064,354.698469,355.674963,352.848731,339.527644,301.191548
1991.666667,354.795717,354.918883,354.832103,355.824626,352.979776,339.579677,301.153592
1991.750000,354.931685,355.052859,354.965898,355.974586,353.111029,339.631639,301.115656
1991.833333,355.067838,355.186991,355.099852,356.124842,353.242489,339.683529,301.077738
1991.916667,355.204174,355.321281,355.233965,356.275395,353.374157,339.735347,301.039840
1992.000000,355.340695,355.455727,355.368239,356.426246,353.506033,339.787093,301.001962
1992.083333,355.477400,355.590329,355.502671,356.577396,353.638118,339.838767,300.964103
1992.166667,355.614289,355.725088,355.637263,356.728844,353.770412,339.890369,300.926264
1992.250000,355.751362,355.860004,355.772015,356.880592,353.902914,339.941899,300.888446
1992.333333,355.888619,355.995075,355.906925,357.032640,354.035625,339.993357,300.850647
1992.416667,356.026061,356.130303,356.041994,357.184989,354.168546,340.044742,300.812869
1992.500000,356.163686,356.265686,356.177223,357.337639,354.301676,340.096055,300.775111
1992.583333,356.301496,356.401225,356.312610,357.490591,354.435016,340.147295,300.737374
1992.666667,356.439490,356.536920,356.448156,357.643845,354.568566,340.198463,300.699658
1992.750000,356.577669,356.672771,356.583861,357.797403,354.702326,340.249557,300.661963
1992.833333,356.716031,356.808776,356.719724,357.951264,354.836297,340.300579,300.624289
1992.916667,356.854578,356.944938,356.855746,358.105429,354.970478,340.351528,300.586636
1993.000000,356.993308,357.081254,356.991926,358.259900,355.104870,340.402404,300.549005
1993.083333,357.132224,357.217726,357.128264,358.414675,355.239473,340.453207,300.511396
1993.166667,357.271323,357.354352,357.264760,358.569757,355.374288,340.503937,300.473808
1993.250000,357.410607,357.491133,357.401415,358.725146,355.509314,340.554593,300.436243
1993.333333,357.550075,357.628069,357.538227,358.880842,355.644552,340.605176,300.398699
1993.416667,357.689727,357.765159,357.675197,359.036846,355.780002,340.655686,300.361178
1993.500000,357.829563,357.902404,357.812325,359.193159,355.915664,340.706122,300.323680
1993.583333,357.969584,358.039803,357.949610,359.349780,356.051539,340.756484,300.286204
1993.666667,358.109789,358.177356,358.087052,359.506711,356.187626,340.806773,300.248750
1993.750000,358.250178,358.315063,358.224652,359.663953,356.323926,340.856988,300.211320
1993.833333,358.390751,358.452924,358.362409,359.821506,356.460440,340.907128,300.173913
1993.916667,358.531509,358.590939,358.500323,359.979370,356.597166,340.957195,300.136529
1994.000000,358.672451,358.729107,358.638394,360.137547,356.734107,341.007188,300.099168
1994.083333,358.813577,358.867429,358.776622,360.296036,356.871261,341.057107,300.061831
1994.166667,358.954888,359.005904,358.915007,360.454839,357.008629,341.106951,300.024518
1994.250000,359.096383,359.144532,359.053548,360.613956,357.146211,341.156722,299.987229
1994.333333,359.238062,359.283313,359.192246,360.773387,357.284008,341.206417,299.949963
1994.416667,359.379925,359.422247,359.331099,360.933134,357.422020,341.256039,299.912722
1994.500000,359.521972,359.561334,359.470109,361.093197,357.560246,341.305586,299.875505
1994.583333,359.664204,359.700573,359.609276,361.253576,357.698688,341.355058,299.838313
1994.666667,359.806620,359.839965,359.748598,361.414273,357.837345,341.404456,299.801145
1994.750000,359.949219,359.979508,359.888075,361.575287,357.976217,341.453779,299.764002
1994.833333,360.092004,360.119204,360.027709,361.736620,358.115305,341.503027,299.726884
1994.916667,360.234972,360.259052,360.167498,361.898272,358.254610,341.552200,299.689791
1995.000000,360.378124,360.399052,360.307442,362.060243,358.394130,341.601298,299.652724
1995.083333,360.521461,360.539203,360.447542,362.222535,358.533867,341.650322,299.615681
1995.166667,360.664981,360.679505,360.587797,362.385148,358.673821,341.699270,299.578665
1995.250000,360.808686,360.819959,360.728206,362.548082,358.813992,341.748143,299.541674
1995.333333,360.952575,360.960564,360.868771,362.711339,358.954380,341.796941,299.504709
1995.416667,361.096648,361.101320,361.009490,362.874919,359.094985,341.845664,299.467769
1995.500000,361.240905,361.242227,361.150364,363.038822,359.235807,341.894311,299.430856
1995.583333,361.385345,361.383285,361.291392,363.203049,359.376848,341.942883,299.393970
1995.666667,361.529970,361.524493,361.432574,363.367601,359.518106,341.991379,299.357109
1995.750000,361.674779,361.665851,361.573911,363.532478,359.659583,342.039800,299.320276
1995.833333,361.819772,361.807359,361.715401,363.697682,359.801278,342.088146,299.283469
1995.916667,361.964948,361.949018,361.857046,363.863212,359.943192,342.136415,299.246689
1996.000000,362.110309,362.090826,361.998843,364.029070,360.085325,342.184609,299.209936
1996.083333,362.255853,362.232784,362.140795,364.195255,360.227676,342.232728,299.173210
1996.166667,362.401581,362.374891,362.282900,364.361770,360.370247,342.280770,299.136511
1996.250000,362.547493,362.517148,362.425158,364.528613,360.513038,342.328737,299.099840
1996.333333,362.693588,362.659553,362.567569,364.695787,360.656048,342.376628,299.063197
1996.416667,362.839868,362.802108,362.710133,364.863291,360.799279,342.424442,299.026581
1996.500000,362.986331,362.944811,362.852849,365.031127,360.942729,342.472181,298.989993
1996.583333,363.132977,363.087663,362.995718,365.199294,361.086400,342.519844,298.953433
1996.666667,363.279808,363.230664,363.138740,365.367794,361.230292,342.567431,298.916901
1996.750000,363.426822,363.373812,363.281914,365.536627,361.374404,342.614941,298.880398
1996.833333,363.574019,363.517109,363.425240,365.705795,361.518738,342.662375,298.843923
1996.916667,363.721400,363.660553,363.568718,365.875296,361.663292,342.709733,298.807477
1997.000000,363.868964,363.804145,363.712347,366.045133,361.808068,342.757015,298.771059
1997.083333,364.016712,363.947885,363.856129,366.215306,361.953066,342.804220,298.734670
1997.166667,364.164643,364.091772,364.000061,366.385816,362.098286,342.851349,298.698311
1997.250000,364.312758,364.235805,364.144145,366.556662,362.243728,342.898402,298.661980
1997.333333,364.461055,364.379986,364.288380,366.727847,362.389392,342.945378,298.625679
1997.416667,364.609536,364.524314,364.432766,366.899370,362.535279,342.992277,298.589407
1997.500000,364.758201,364.668788,364.577303,367.071232,362.681389,343.039100,298.553165
1997.583333,364.907048,364.813408,364.721990,367.243434,362.827722,343.085847,298.516952
1997.666667,365.056078,364.958175,364.866828,367.415977,362.974277,343.132516,298.480769
1997.750000,365.205292,365.103087,365.011816,367.588861,363.121057,343.179110,298.444617
1997.833333,365.354688,365.248145,365.156953,367.762087,363.268060,343.225626,298.408494
1997.916667,365.504268,365.393349,365.302241,367.935656,363.415286,343.272065,298.372401
1998.000000,365.654030,365.538698,365.447679,368.109567,363.562737,343.318428,298.336339
1998.083333,365.803975,365.684192,365.593266,368.283823,363.710412,343.364714,298.300308
1998.166667,365.954103,365.829831,365.739002,368.458423,363.858312,343.410923,298.264307
1998.250000,366.104414,365.975615,365.884887,368.633369,364.006436,343.457055,298.228337
1998.333333,366.254907,366.121543,366.030922,368.808661,364.154785,343.503111,298.192397
1998.416667,366.405583,366.267616,366.177105,368.984299,364.303359,343.549089,298.156489
1998.500000,366.556442,366.413833,366.323437,369.160285,364.452159,343.594990,298.120612
1998.583333,366.707483,366.560193,366.469917,369.336618,364.601184,343.640814,298.084766
1998.666667,366.858706,366.706698,366.616545,369.513301,364.750435,343.686562,298.048952
1998.750000,367.010112,366.853345,366.763321,369.690333,364.899912,343.732232,298.013169
1998.833333,367.161700,367.000136,366.910246,369.867715,365.049615,343.777825,297.977418
1998.916667,367.313470,367.147070,367.057318,370.045448,365.199544,343.823341,297.941698
1999.000000,367.465423,367.294147,367.204537,370.223532,365.349700,343.868780,297.906011
1999.083333,367.617558,367.441367,367.351903,370.401969,365.500083,343.914141,297.870356
1999.166667,367.769874,367.588729,367.499417,370.580758,365.650693,343.959426,297.834732
1999.250000,367.922373,367.736233,367.647077,370.759901,365.801530,344.004633,297.799142
1999.333333,368.075053,367.883879,367.794884,370.939398,365.952595,344.049763,297.763583
1999.416667,368.227916,368.031667,367.942838,371.119251,366.103887,344.094815,297.728057
1999.500000,368.380960,368.179596,368.090938,371.299459,366.255407,344.139791,297.692564
1999.583333,368.534186,368.327667,368.239184,371.480023,366.407155,344.184689,297.657104
1999.666667,368.687593,368.475879,368.387575,371.660945,366.559131,344.229509,297.621676
1999.750000,368.841182,368.624231,368.536112,371.842224,366.711336,344.274253,297.586282
1999.833333,368.994952,368.772724,368.684795,372.023862,366.863769,344.318919,297.550921
1999.916667,369.148904,368.921358,368.833623,372.205859,367.016432,344.363507,297.515593
2000.000000,369.303037,369.070131,368.982596,372.388216,367.169323,344.408019,297.480298
2000.083333,369.457352,369.219045,369.131714,372.570934,367.322444,344.452452,297.445037
2000.166667,369.611847,369.368098,369.280976,372.754013,367.475794,344.496809,297.409810
2000.250000,369.766523,369.517291,369.430383,372.937454,367.629374,344.541088,297.374617
2000.333333,369.921381,369.666623,369.579934,373.121258,367.783184,344.585289,297.339457
2000.416667,370.076419,369.816094,369.729629,373.305425,367.937224,344.629413,297.304331
2000.500000,370.231638,369.965703,369.879468,373.489957,368.091494,344.673460,297.269240
2000.583333,370.387038,370.115452,370.029450,373.674854,368.245995,344.717429,297.234183
2000.666667,370.542619,370.265338,370.179575,373.860116,368.400726,344.761320,297.199160
2000.750000,370.698380,370.415362,370.329844,374.045744,368.555689,344.805134,297.164171
2000.833333,370.854321,370.565525,370.480255,374.231740,368.710882,344.848871,297.129218
2000.916667,371.010443,370.715824,370.630809,374.418104,368.866307,344.892530,297.094299
2001.000000,371.166745,370.866261,370.781506,374.604836,369.021964,344.936111,297.059414
2001.083333,371.323227,371.016836,370.932344,374.791938,369.177852,344.979615,297.024565
2001.166667,371.479889,371.167546,371.083325,374.979409,369.333972,345.023042,296.989751
2001.250000,371.636731,371.318394,371.234447,375.167252,369.490324,345.066391,296.954972
2001.333333,371.793753,371.469378,371.385711,375.355465,369.646909,345.109662,296.920228
2001.416667,371.950955,371.620497,371.537116,375.544051,369.803726,345.152856,296.885520
2001.500000,372.108337,371.771753,371.688662,375.733010,369.960776,345.195972,296.850847
2001.583333,372.265898,371.923144,371.840349,375.922343,370.118059,345.239011,296.816210
2001.666667,372.423638,372.074670,371.992177,376.112050,370.275575,345.281972,296.781608
2001.750000,372.581558,372.226332,372.144145,376.302133,370.433324,345.324856,296.747042
2001.833333,372.739658,372.378128,372.296253,376.492591,370.591307,345.367662,296.712513
2001.916667,372.897936,372.530059,372.448501,376.683426,370.749524,345.410390,296.678019
2002.000000,373.056393,372.682124,372.600889,376.874638,370.907974,345.453041,296.643561
2002.083333,373.215030,372.834323,372.753416,377.066229,371.066659,345.495615,296.609140
2002.166667,373.373845,372.986655,372.906082,377.258198,371.225578,345.538111,296.574755
2002.250000,373.532839,373.139121,373.058887,377.450547,371.384732,345.580529,296.540406
2002.333333,373.692011,373.291721,373.211831,377.643277,371.544120,345.622870,296.506095
2002.416667,373.851362,373.444453,373.364913,377.836388,371.703743,345.665133,296.471819
2002.500000,374.010891,373.597318,373.518133,378.029880,371.863601,345.707319,296.437581
2002.583333,374.170599,373.750315,373.671491,378.223756,372.023695,345.749427,296.403379
2002.666667,374.330485,373.903445,373.824987,378.418014,372.184024,345.791458,296.369215
2002.750000,374.490549,374.056706,373.978621,378.612657,372.344589,345.833411,296.335087
2002.833333,374.650790,374.210099,374.132391,378.807685,372.505390,345.875287,296.300997
2002.916667,374.811210,374.363623,374.286299,379.003099,372.666427,345.917086,296.266944
2003.000000,374.971807,374.517278,374.440343,379.198899,372.827700,345.958807,296.232929
2003.083333,375.132582,374.671064,374.594524,379.395086,372.989210,346.000450,296.198951
2003.166667,375.293534,374.824981,374.748841,379.591661,373.150956,346.042016,296.165010
2003.250000,375.454663,374.979027,374.903293,379.788625,373.312939,346.083505,296.131107
2003.333333,375.615970,375.133204,375.057882,379.985979,373.475160,346.124917,296.097243
2003.416667,375.777453,375.287510,375.212606,380.183723,373.637617,346.166250,296.063416
2003.500000,375.939114,375.441946,375.367465,380.381858,373.800312,346.207507,296.029626
2003.583333,376.100951,375.596510,375.522459,380.580385,373.963245,346.248686,295.995876
2003.666667,376.262965,375.751204,375.677587,380.779304,374.126415,346.289788,295.962163
2003.750000,376.425156,375.906026,375.832850,380.978617,374.289824,346.330813,295.928488
2003.833333,376.587523,376.060976,375.988247,381.178324,374.453470,346.371760,295.894852
2003.916667,376.750066,376.216054,376.143777,381.378426,374.617355,346.412630,295.861254
2004.000000,376.912785,376.371260,376.299442,381.578924,374.781479,346.453423,295.827695
2004.083333,377.075681,376.526593,376.455239,381.779818,374.945841,346.494138,295.794175
2004.166667,377.238752,376.682053,376.611170,381.981110,375.110443,346.534777,295.760693
2004.250000,377.401999,376.837640,376.767233,382.182799,375.275283,346.575338,295.727250
2004.333333,377.565421,376.993354,376.923429,382.384888,375.440363,346.615822,295.693847
2004.416667,377.729019,377.149193,377.079757,382.587376,375.605682,346.656229,295.660482
2004.500000,377.892792,377.305159,377.236217,382.790265,375.771241,346.696558,295.627156
2004.583333,378.056741,377.461250,377.392809,382.993555,375.937040,346.736811,295.593869
2004.666667,378.220864,377.617466,377.549532,383.197247,376.103079,346.776986,295.560622
2004.750000,378.385162,377.773807,377.706386,383.401342,376.269359,346.817085,295.527414
2004.833333,378.549635,377.930273,377.863371,383.605840,376.435879,346.857106,295.494246
2004.916667,378.714282,378.086864,378.020486,383.810743,376.602639,346.897051,295.461117
2005.000000,378.879104,378.243578,378.177732,384.016051,376.769640,346.936918,295.428028
2005.083333,379.044100,378.400416,378.335107,384.221766,376.936882,346.976709,295.394978
2005.166667,379.209270,378.557378,378.492613,384.427887,377.104366,347.016423,295.361968
2005.250000,379.374614,378.714463,378.650247,384.634416,377.272090,347.056059,295.328999
2005.333333,379.540132,378.871670,378.808011,384.841353,377.440057,347.095619,295.296069
2005.416667,379.705824,379.029001,378.965904,385.048699,377.608265,347.135102,295.263179
2005.500000,379.871689,379.186453,379.123925,385.256456,377.776715,347.174509,295.230330
2005.583333,380.037727,379.344027,379.282074,385.464623,377.945407,347.213838,295.197520
2005.666667,380.203938,379.501723,379.440352,385.673202,378.114341,347.253091,295.164751
2005.750000,380.370323,379.659540,379.598757,385.882194,378.283518,347.292267,295.132023
2005.833333,380.536880,379.817479,379.757289,386.091599,378.452937,347.331367,295.099334
2005.916667,380.703610,379.975537,379.915949,386.301418,378.622599,347.370390,295.066687
2006.000000,380.870512,380.133717,380.074735,386.511652,378.792505,347.409336,295.034080
2006.083333,381.037587,380.292016,380.233647,386.722302,378.962653,347.448206,295.001514
2006.166667,381.204834,380.450435,380.392686,386.933368,379.133045,347.486999,294.968988
2006.250000,381.372253,380.608973,380.551851,387.144852,379.303680,347.525716,294.936504
2006.333333,381.539844,380.767630,380.711141,387.356754,379.474559,347.564357,294.904060
2006.416667,381.707606,380.926406,380.870557,387.569075,379.645681,347.602921,294.871657
2006.500000,381.875540,381.085301,381.030098,387.781816,379.817048,347.641408,294.839296
2006.583333,382.043645,381.244313,381.189763,387.994978,379.988659,347.679820,294.806975
2006.666667,382.211922,381.403443,381.349552,388.208562,380.160515,347.718155,294.774696
2006.750000,382.380369,381.562691,381.509466,388.422567,380.332615,347.756414,294.742459
2006.833333,382.548987,381.722056,381.669503,388.636997,380.504959,347.794596,294.710262
2006.916667,382.717776,381.881537,381.829664,388.851850,380.677549,347.832703,294.678107
2007.000000,382.886735,382.041135,381.989948,389.067128,380.850384,347.870733,294.645994
2007.083333,383.055864,382.200849,382.150355,389.282832,381.023464,347.908687,294.613922
2007.166667,383.225164,382.360679,382.310884,389.498962,381.196789,347.946566,294.581892
2007.250000,383.394633,382.520624,382.471536,389.715520,381.370360,347.984368,294.549904
2007.333333,383.564272,382.680684,382.632309,389.932506,381.544177,348.022094,294.517958
2007.416667,383.734081,382.840859,382.793204,390.149921,381.718240,348.059745,294.486053
2007.500000,383.904058,383.001149,382.954220,390.367767,381.892549,348.097320,294.454191
2007.583333,384.074205,383.161552,383.115357,390.586043,382.067104,348.134818,294.422370
2007.666667,384.244521,383.322069,383.276614,390.804751,382.241905,348.172242,294.390592
2007.750000,384.415006,383.482700,383.437992,391.023891,382.416953,348.209589,294.358856
2007.833333,384.585659,383.643443,383.599490,391.243465,382.592248,348.246861,294.327162
2007.916667,384.756481,383.804300,383.761107,391.463473,382.767790,348.284057,294.295510
2008.000000,384.927471,383.965268,383.922844,391.683916,382.943579,348.321178,294.263901
2008.083333,385.098628,384.126349,384.084700,391.904795,383.119616,348.358223,294.232334
2008.166667,385.269954,384.287541,384.246674,392.126111,383.295899,348.395192,294.200810
2008.250000,385.441447,384.448845,384.408767,392.347865,383.472431,348.432086,294.169328
2008.333333,385.613107,384.610259,384.570978,392.570057,383.649210,348.468905,294.137889
2008.416667,385.784935,384.771785,384.733306,392.792688,383.826237,348.505649,294.106492
2008.500000,385.956930,384.933420,384.895752,393.015760,384.003512,348.542317,294.075139
2008.583333,386.129091,385.095165,385.058314,393.239273,384.181036,348.578910,294.043828
2008.666667,386.301419,385.257020,385.220994,393.463229,384.358807,348.615428,294.012560
2008.750000,386.473913,385.418984,385.383789,393.687627,384.536828,348.651871,293.981335
2008.833333,386.646574,385.581057,385.546701,393.912469,384.715097,348.688239,293.950153
2008.916667,386.819400,385.743238,385.709728,394.137755,384.893615,348.724532,293.919014
2009.000000,386.992392,385.905527,385.872871,394.363487,385.072382,348.760750,293.887918
2009.083333,387.165550,386.067925,386.036128,394.589666,385.251399,348.796893,293.856865
2009.166667,387.338873,386.230429,386.199501,394.816292,385.430665,348.832961,293.825856
2009.250000,387.512361,386.393041,386.362987,395.043366,385.610180,348.868955,293.794890
2009.333333,387.686014,386.555759,386.526588,395.270889,385.789945,348.904874,293.763967
2009.416667,387.859831,386.718583,386.690302,395.498862,385.969960,348.940718,293.733087
2009.500000,388.033813,386.881514,386.854129,395.727286,386.150225,348.976488,293.702251
2009.583333,388.207960,387.044550,387.018069,395.956162,386.330740,349.012183,293.671459
2009.666667,388.382270,387.207691,387.182122,396.185490,386.511505,349.047803,293.640710
2009.750000,388.556744,387.370937,387.346287,396.415272,386.692521,349.083350,293.610005
2009.833333,388.731382,387.534287,387.510564,396.645508,386.873788,349.118821,293.579343
2009.916667,388.906183,387.697742,387.674953,396.876200,387.055305,349.154219,293.548725
2010.000000,389.081147,387.861300,387.839452,397.107348,387.237073,349.189542,293.518151
2010.083333,389.256274,388.024961,388.004063,397.338953,387.419093,349.224792,293.487621
2010.166667,389.431563,388.188726,388.168784,397.571016,387.601363,349.259967,293.457135
2010.250000,389.607015,388.352593,388.333615,397.803538,387.783885,349.295068,293.426692
2010.333333,389.782629,388.516562,388.498555,398.036520,387.966659,349.330095,293.396294
2010.416667,389.958406,388.680633,388.663606,398.269963,388.149684,349.365048,293.365939
2010.500000,390.134344,388.844806,388.828765,398.503867,388.332961,349.399927,293.335629
2010.583333,390.310443,389.009080,388.994033,398.738234,388.516490,349.434733,293.305363
2010.666667,390.486704,389.173454,389.159409,398.973065,388.700271,349.469465,293.275141
2010.750000,390.663125,389.337929,389.324893,399.208360,388.884304,349.504123,293.244963
2010.833333,390.839708,389.502503,389.490485,399.444120,389.068590,349.538708,293.214830
2010.916667,391.016451,389.667177,389.656184,399.680347,389.253129,349.573219,293.184740
2011.000000,391.193354,389.831950,389.821989,399.917041,389.437920,349.607656,293.154695
2011.083333,391.370418,389.996822,389.987902,400.154202,389.622964,349.642021,293.124695
2011.166667,391.547641,390.161793,390.153920,400.391833,389.808261,349.676312,293.094739
2011.250000,391.725024,390.326861,390.320044,400.629934,389.993811,349.710529,293.064827
2011.333333,391.902566,390.492027,390.486274,400.868506,390.179615,349.744674,293.034960
2011.416667,392.080267,390.657290,390.652609,401.107550,390.365672,349.778745,293.005138
2011.500000,392.258127,390.822650,390.819048,401.347066,390.551982,349.812744,292.975360
2011.583333,392.436146,390.988107,390.985591,401.587056,390.738546,349.846669,292.945627
2011.666667,392.614323,391.153659,391.152239,401.827521,390.925364,349.880521,292.915939
2011.750000,392.792658,391.319307,391.318990,402.068461,391.112436,349.914301,292.886295
2011.833333,392.971151,391.485051,391.485844,402.309878,391.299763,349.948008,292.856696
2011.916667,393.149802,391.650889,391.652801,402.551772,391.487343,349.981642,292.827142
2012.000000,393.328609,391.816822,391.819860,402.794145,391.675178,350.015204,292.797633
2012.083333,393.507574,391.982848,391.987021,403.036997,391.863268,350.048693,292.768168
2012.166667,393.686696,392.148969,392.154284,403.280329,392.051612,350.082109,292.738749
2012.250000,393.865974,392.315182,392.321648,403.524143,392.240211,350.115453,292.709375
2012.333333,394.045409,392.481489,392.489114,403.768438,392.429065,350.148725,292.680045
2012.416667,394.224999,392.647888,392.656679,404.013217,392.618174,350.181925,292.650761
2012.500000,394.404746,392.814379,392.824345,404.258480,392.807538,350.215052,292.621522
2012.583333,394.584648,392.980961,392.992110,404.504228,392.997158,350.248107,292.592327
2012.666667,394.764705,393.147635,393.159975,404.750462,393.187033,350.281091,292.563178
2012.750000,394.944917,393.314400,393.327939,404.997183,393.377164,350.314002,292.534074
2012.833333,395.125283,393.481255,393.496001,405.244392,393.567550,350.346841,292.505016
2012.916667,395.305805,393.648200,393.664161,405.492090,393.758193,350.379609,292.476002
2013.000000,395.486480,393.815235,393.832420,405.740278,393.949091,350.412305,292.447034
2013.083333,395.667309,393.982358,394.000775,405.988956,394.140246,350.444929,292.418112
2013.166667,395.848292,394.149571,394.169228,406.238127,394.331657,350.477481,292.389234
2013.250000,396.029428,394.316872,394.337777,406.487790,394.523324,350.509962,292.360402
2013.333333,396.210717,394.484261,394.506423,406.737947,394.715248,350.542372,292.331615
2013.416667,396.392159,394.651738,394.675164,406.988599,394.907428,350.574710,292.302874
2013.500000,396.573754,394.819301,394.844001,407.239746,395.099865,350.606978,292.274178
2013.583333,396.755501,394.986952,395.012932,407.491390,395.292560,350.639173,292.245528
2013.666667,396.937399,395.154689,395.181959,407.743532,395.485511,350.671298,292.216923
2013.750000,397.119449,395.322511,395.351079,407.996172,395.678719,350.703352,292.188364
2013.833333,397.301651,395.490419,395.520294,408.249312,395.872185,350.735335,292.159850
2013.916667,397.484004,395.658412,395.689602,408.502953,396.065908,350.767247,292.131382
2014.000000,397.666508,395.826490,395.859002,408.757096,396.259888,350.799088,292.102960
2014.083333,397.849162,395.994652,396.028496,409.011741,396.454126,350.830858,292.074583
2014.166667,398.031966,396.162898,396.198082,409.266889,396.648622,350.862558,292.046252
2014.250000,398.214920,396.331227,396.367759,409.522542,396.843376,350.894187,292.017967
2014.333333,398.398024,396.499639,396.537528,409.778701,397.038388,350.925746,291.989727
2014.416667,398.581278,396.668133,396.707388,410.035367,397.233658,350.957234,291.961533
2014.500000,398.764680,396.836710,396.877339,410.292540,397.429186,350.988652,291.933385
2014.583333,398.948231,397.005368,397.047379,410.550221,397.624972,351.020000,291.905283
2014.666667,399.131931,397.174107,397.217510,410.808413,397.821017,351.051278,291.877226
2014.750000,399.315778,397.342927,397.387730,411.067115,398.017320,351.082486,291.849215
2014.833333,399.499774,397.511828,397.558039,411.326328,398.213883,351.113623,291.821251
2014.916667,399.683917,397.680809,397.728436,411.586054,398.410704,351.144691,291.793332
2015.000000,399.868208,397.849869,397.898922,411.846294,398.607784,351.175689,291.765458
2015.083333,400.052645,398.019008,398.069495,412.107049,398.805122,351.206617,291.737631
2015.166667,400.237229,398.188225,398.240155,412.368319,399.002720,351.237476,291.709850
2015.250000,400.421960,398.357521,398.410903,412.630106,399.200578,351.268265,291.682115
2015.333333,400.606836,398.526895,398.581737,412.892411,399.398694,351.298985,291.654425
2015.416667,400.791859,398.696346,398.752657,413.155234,399.597071,351.329635,291.626782
2015.500000,400.977026,398.865874,398.923662,413.418578,399.795706,351.360216,291.599185
2015.583333,401.162339,399.035479,399.094753,413.682442,399.994602,351.390728,291.571634
2015.666667,401.347797,399.205159,399.265929,413.946828,400.193757,351.421170,291.544128
2015.750000,401.533399,399.374915,399.437189,414.211736,400.393172,351.451544,291.516669
2015.833333,401.719146,399.544746,399.608532,414.477169,400.592847,351.481849,291.489256
2015.916667,401.905036,399.714652,399.779960,414.743127,400.792782,351.512085,291.461889
2016.000000,402.091070,399.884632,399.951470,415.009611,400.992977,351.542252,291.434568
2016.083333,402.277247,400.054686,400.123064,415.276621,401.193433,351.572350,291.407293
2016.166667,402.463567,400.224814,400.294739,415.544160,401.394149,351.602380,291.380064
2016.250000,402.650029,400.395014,400.466496,415.812228,401.595126,351.632341,291.352882
2016.333333,402.836634,400.565287,400.638335,416.080826,401.796363,351.662234,291.325745
2016.416667,403.023381,400.735632,400.810255,416.349955,401.997861,351.692059,291.298655
2016.500000,403.210270,400.906048,400.982255,416.619617,402.199619,351.721815,291.271611
2016.583333,403.397300,401.076536,401.154335,416.889812,402.401639,351.751503,291.244613
2016.666667,403.584470,401.247094,401.326495,417.160541,402.603920,351.781123,291.217661
2016.750000,403.771782,401.417723,401.498734,417.431805,402.806461,351.810675,291.190756
2016.833333,403.959234,401.588421,401.671052,417.703607,403.009264,351.840159,291.163896
2016.916667,404.146826,401.759189,401.843449,417.975945,403.212328,351.869576,291.137083
2017.000000,404.334557,401.930025,402.015923,418.248822,403.415654,351.898925,291.110316
2017.083333,404.522428,402.100931,402.188475,418.522239,403.619241,351.928206,291.083596
2017.166667,404.710438,402.271904,402.361104,418.796197,403.823089,351.957419,291.056921
2017.250000,404.898586,402.442944,402.533809,419.070697,404.027200,351.986566,291.030293
2017.333333,405.086873,402.614052,402.706591,419.345739,404.231572,352.015645,291.003711
2017.416667,405.275298,402.785227,402.879449,419.621325,404.436205,352.044656,290.977175
2017.500000,405.463861,402.956467,403.052381,419.897457,404.641101,352.073601,290.950686
2017.583333,405.652561,403.127773,403.225389,420.174134,404.846259,352.102478,290.924243
2017.666667,405.841398,403.299145,403.398471,420.451359,405.051679,352.131289,290.897846
2017.750000,406.030371,403.470581,403.571627,420.729132,405.257361,352.160032,290.871495
2017.833333,406.219481,403.642082,403.744857,421.007454,405.463305,352.188709,290.845191
2017.916667,406.408727,403.813647,403.918160,421.286327,405.669511,352.217319,290.818933
2018.000000,406.598108,403.985275,404.091535,421.565751,405.875981,352.245863,290.792721
2018.083333,406.787625,404.156966,404.264983,421.845728,406.082712,352.274340,290.766556
2018.166667,406.977276,404.328720,404.438503,422.126259,406.289706,352.302750,290.740436
2018.250000,407.167062,404.500536,404.612093,422.407344,406.496963,352.331095,290.714363
2018.333333,407.356983,404.672413,404.785755,422.688985,406.704483,352.359373,290.688337
2018.416667,407.547037,404.844351,404.959487,422.971184,406.912265,352.387585,290.662357
2018.500000,407.737225,405.016350,405.133289,423.253940,407.120311,352.415731,290.636423
2018.583333,407.927546,405.188410,405.307161,423.537256,407.328619,352.443811,290.610535
2018.666667,408.117999,405.360529,405.481102,423.821132,407.537190,352.471825,290.584693
2018.750000,408.308586,405.532707,405.655111,424.105569,407.746025,352.499774,290.558898
2018.833333,408.499304,405.704944,405.829189,424.390569,407.955123,352.527656,290.533149
2018.916667,408.690154,405.877240,406.003334,424.676133,408.164484,352.555474,290.507447
2019.000000,408.881135,406.049593,406.177546,424.962261,408.374108,352.583225,290.481790
2019.083333,409.072248,406.222004,406.351826,425.248955,408.583996,352.610912,290.456180
2019.166667,409.263491,406.394472,406.526171,425.536216,408.794148,352.638533,290.430617
2019.250000,409.454864,406.566996,406.700583,425.824046,409.004563,352.666089,290.405099
2019.333333,409.646367,406.739576,406.875060,426.112444,409.215241,352.693580,290.379628
2019.416667,409.838000,406.912212,407.049602,426.401413,409.426184,352.721006,290.354203
2019.500000,410.029762,407.084902,407.224209,426.690954,409.637390,352.748367,290.328824
2019.583333,410.221653,407.257648,407.398880,426.981067,409.848860,352.775664,290.303492
2019.666667,410.413672,407.430447,407.573614,427.271754,410.060594,352.802895,290.278206
2019.750000,410.605819,407.603300,407.748411,427.563015,410.272592,352.830062,290.252966
2019.833333,410.798095,407.776207,407.923272,427.854853,410.484854,352.857165,290.227772
2019.916667,410.990497,407.949165,408.098194,428.147268,410.697380,352.884203,290.202625
2020.000000,411.183026,408.122177,408.273178,428.440261,410.910170,352.911177,290.177523
2020.083333,411.375682,408.295239,408.448224,428.733834,411.123225,352.938087,290.152468
2020.166667,411.568465,408.468354,408.623330,429.027987,411.336543,352.964932,290.127459
2020.250000,411.761373,408.641519,408.798497,429.322722,411.550127,352.991714,290.102497
2020.333333,411.954406,408.814734,408.973724,429.618040,411.763974,353.018432,290.077580
2020.416667,412.147565,408.987999,409.149010,429.913942,411.978086,353.045085,290.052710
2020.500000,412.340848,409.161313,409.324355,430.210430,412.192463,353.071676,290.027886
2020.583333,412.534256,409.334677,409.499759,430.507503,412.407104,353.098202,290.003108
2020.666667,412.727787,409.508088,409.675221,430.805164,412.622010,353.124665,289.978376
2020.750000,412.921442,409.681548,409.850740,431.103414,412.837180,353.151065,289.953690
2020.833333,413.115221,409.855055,410.026316,431.402254,413.052616,353.177402,289.929051
2020.916667,413.309122,410.028609,410.201950,431.701685,413.268316,353.203675,289.904457
2021.000000,413.503145,410.202209,410.377639,432.001707,413.484280,353.229885,289.879910
2021.083333,413.697291,410.375856,410.553384,432.302324,413.700510,353.256032,289.855408
2021.166667,413.891558,410.549548,410.729184,432.603535,413.917005,353.282116,289.830953
2021.250000,414.085946,410.723285,410.905039,432.905341,414.133765,353.308138,289.806544
2021.333333,414.280455,410.897066,411.080949,433.207744,414.350790,353.334096,289.782181
2021.416667,414.475085,411.070892,411.256912,433.510746,414.568080,353.359992,289.757864
2021.500000,414.669835,411.244761,411.432929,433.814347,414.785635,353.385826,289.733592
2021.583333,414.864704,411.418673,411.608998,434.118548,415.003455,353.411597,289.709367
2021.666667,415.059693,411.592628,411.785120,434.423350,415.221540,353.437306,289.685188
2021.750000,415.254800,411.766624,411.961294,434.728756,415.439891,353.462953,289.661055
2021.833333,415.450026,411.940663,412.137519,435.034766,415.658507,353.488537,289.636968
2021.916667,415.645370,412.114743,412.313795,435.341380,415.877388,353.514060,289.612926
2022.000000,415.840832,412.288863,412.490122,435.648602,416.096535,353.539521,289.588931
2022.083333,416.036411,412.463023,412.666499,435.956430,416.315947,353.564919,289.564981
2022.166667,416.232106,412.637223,412.842925,436.264868,416.535625,353.590257,289.541078
2022.250000,416.427919,412.811463,413.019400,436.573915,416.755568,353.615532,289.517220
2022.333333,416.623847,412.985741,413.195924,436.883574,416.975777,353.640746,289.493408
2022.416667,416.819891,413.160057,413.372496,437.193845,417.196251,353.665899,289.469642
2022.500000,417.016050,413.334411,413.549116,437.504730,417.416991,353.690991,289.445921
2022.583333,417.212324,413.508802,413.725783,437.816230,417.637997,353.716021,289.422247
2022.666667,417.408712,413.683230,413.902497,438.128346,417.859268,353.740990,289.398618
2022.750000,417.605215,413.857694,414.079256,438.441079,418.080805,353.765898,289.375035
2022.833333,417.801831,414.032193,414.256062,438.754430,418.302608,353.790745,289.351498
2022.916667,417.998560,414.206728,414.432912,439.068401,418.524676,353.815532,289.328006
2023.000000,418.195402,414.381298,414.609808,439.382994,418.747010,353.840258,289.304560
2023.083333,418.392356,414.555902,414.786748,439.698208,418.969610,353.864923,289.281160
2023.166667,418.589422,414.730540,414.963731,440.014046,419.192476,353.889528,289.257805
2023.250000,418.786600,414.905211,415.140758,440.330508,419.415608,353.914072,289.234496
2023.333333,418.983889,415.079915,415.317827,440.647596,419.639005,353.938556,289.211233
2023.416667,419.181289,415.254651,415.494939,440.965312,419.862669,353.962980,289.188015
2023.500000,419.378799,415.429419,415.672093,441.283655,420.086598,353.987344,289.164843
2023.583333,419.576418,415.604218,415.849288,441.602629,420.310794,354.011648,289.141716
2023.666667,419.774147,415.779049,416.026524,441.922233,420.535255,354.035893,289.118634
2023.750000,419.971985,415.953909,416.203800,442.242469,420.759983,354.060077,289.095599
2023.833333,420.169932,416.128799,416.381116,442.563339,420.984976,354.084202,289.072608
2023.916667,420.367987,416.303719,416.558472,442.884843,421.210235,354.108267,289.049663
2024.000000,420.566150,416.478667,416.735867,443.206983,421.435761,354.132273,289.026764
2024.083333,420.764419,416.653643,416.913299,443.529760,421.661552,354.156219,289.003909
2024.166667,420.962796,416.828648,417.090770,443.853175,421.887610,354.180106,288.981100
2024.250000,421.161279,417.003680,417.268279,444.177230,422.113934,354.203934,288.958337
2024.333333,421.359869,417.178738,417.445824,444.501926,422.340523,354.227703,288.935619
2024.416667,421.558563,417.353823,417.623406,444.827264,422.567379,354.251413,288.912946
2024.500000,421.757363,417.528934,417.801023,445.153246,422.794501,354.275065,288.890318
2024.583333,421.956268,417.704070,417.978676,445.479872,423.021889,354.298657,288.867735
2024.666667,422.155277,417.879230,418.156364,445.807145,423.249544,354.322191,288.845198
2024.750000,422.354390,418.054416,418.334087,446.135064,423.477464,354.345667,288.822705
2024.833333,422.553606,418.229625,418.511844,446.463632,423.705650,354.369084,288.800258
2024.916667,422.752925,418.404857,418.689634,446.792850,423.934103,354.392443,288.777856
2025.000000,422.952347,418.580112,418.867457,447.122719,424.162822,354.415743,288.755499
2025.083333,423.151871,418.755389,419.045313,447.453240,424.391807,354.438986,288.733187
2025.166667,423.351496,418.930689,419.223200,447.784415,424.621058,354.462170,288.710920
2025.250000,423.551223,419.106009,419.401120,448.116245,424.850575,354.485297,288.688698
2025.333333,423.751050,419.281351,419.579070,448.448731,425.080358,354.508366,288.666521
2025.416667,423.950978,419.456712,419.757051,448.781875,425.310408,354.531377,288.644389
2025.500000,424.151006,419.632094,419.935061,449.115678,425.540724,354.554330,288.622302
2025.583333,424.351133,419.807494,420.113102,449.450141,425.771305,354.577226,288.600260
2025.666667,424.551359,419.982914,420.291171,449.785265,426.002153,354.600065,288.578262
2025.750000,424.751684,420.158352,420.469269,450.121052,426.233267,354.622847,288.556309
2025.833333,424.952106,420.333808,420.647395,450.457503,426.464647,354.645571,288.534401
2025.916667,425.152627,420.509281,420.825549,450.794620,426.696294,354.668238,288.512538
2026.000000,425.353245,420.684770,421.003730,451.132403,426.928206,354.690849,288.490719
2026.083333,425.553959,420.860276,421.181937,451.470854,427.160384,354.713402,288.468945
2026.166667,425.754770,421.035798,421.360170,451.809975,427.392829,354.735899,288.447216
2026.250000,425.955676,421.211335,421.538429,452.149766,427.625539,354.758339,288.425531
2026.333333,426.156678,421.386887,421.716713,452.490230,427.858516,354.780723,288.403891
2026.416667,426.357775,421.562453,421.895021,452.831367,428.091759,354.803050,288.382295
2026.500000,426.558966,421.738033,422.073354,453.173178,428.325267,354.825321,288.360744
2026.583333,426.760252,421.913626,422.251710,453.515665,428.559042,354.847536,288.339237
2026.666667,426.961631,422.089232,422.430089,453.858830,428.793082,354.869694,288.317775
2026.750000,427.163103,422.264850,422.608491,454.202674,429.027389,354.891797,288.296357
2026.833333,427.364667,422.440480,422.786915,454.547197,429.261961,354.913843,288.274983
2026.916667,427.566324,422.616121,422.965360,454.892402,429.496800,354.935834,288.253654
2027.000000,427.768073,422.791773,423.143827,455.238289,429.731904,354.957770,288.232368
2027.083333,427.969913,422.967435,423.322314,455.584861,429.967274,354.979649,288.211128
2027.166667,428.171843,423.143107,423.500821,455.932118,430.202910,355.001473,288.189931
2027.250000,428.373865,423.318788,423.679348,456.280062,430.438811,355.023242,288.168778
2027.333333,428.575975,423.494478,423.857894,456.628694,430.674979,355.044956,288.147670
2027.416667,428.778176,423.670175,424.036458,456.978015,430.911412,355.066614,288.126606
2027.500000,428.980465,423.845881,424.215040,457.328028,431.148111,355.088217,288.105585
2027.583333,429.182843,424.021594,424.393640,457.678732,431.385076,355.109766,288.084609
2027.666667,429.385309,424.197313,424.572257,458.030130,431.622306,355.131259,288.063677
2027.750000,429.587862,424.373039,424.750891,458.382223,431.859802,355.152698,288.042788
2027.833333,429.790503,424.548770,424.929541,458.735013,432.097563,355.174082,288.021944
2027.916667,429.993230,424.724507,425.108206,459.088500,432.335590,355.195411,288.001143
2028.000000,430.196043,424.900248,425.286886,459.442686,432.573883,355.216687,287.980386
2028.083333,430.398942,425.075993,425.465581,459.797573,432.812441,355.237907,287.959673
2028.166667,430.601926,425.251742,425.644289,460.153161,433.051264,355.259074,287.939004
2028.250000,430.804995,425.427494,425.823012,460.509453,433.290353,355.280186,287.918378
2028.333333,431.008148,425.603248,426.001747,460.866450,433.529707,355.301245,287.897796
2028.416667,431.211384,425.779005,426.180495,461.224152,433.769327,355.322250,287.877258
2028.500000,431.414704,425.954763,426.359255,461.582562,434.009211,355.343200,287.856763
2028.583333,431.618107,426.130523,426.538026,461.941681,434.249361,355.364097,287.836312
2028.666667,431.821592,426.306283,426.716809,462.301510,434.489776,355.384941,287.815904
2028.750000,432.025160,426.482043,426.895602,462.662051,434.730457,355.405731,287.795540
2028.833333,432.228808,426.657803,427.074404,463.023304,434.971402,355.426467,287.775219
2028.916667,432.432537,426.833562,427.253217,463.385273,435.212612,355.447151,287.754941
2029.000000,432.636347,427.009319,427.432038,463.747957,435.454088,355.467781,287.734707
2029.083333,432.840237,427.185074,427.610868,464.111358,435.695828,355.488358,287.714516
2029.166667,433.044206,427.360827,427.789706,464.475478,435.937833,355.508882,287.694368
2029.250000,433.248254,427.536577,427.968551,464.840318,436.180103,355.529353,287.674264
2029.333333,433.452381,427.712324,428.147404,465.205880,436.422637,355.549772,287.654202
2029.416667,433.656585,427.888067,428.326262,465.572164,436.665437,355.570138,287.634184
2029.500000,433.860867,428.063805,428.505127,465.939174,436.908500,355.590451,287.614208
2029.583333,434.065227,428.239538,428.683997,466.306908,437.151829,355.610712,287.594276
2029.666667,434.269662,428.415265,428.862872,466.675371,437.395422,355.630921,287.574387
2029.750000,434.474174,428.590987,429.041752,467.044562,437.639279,355.651077,287.554540
2029.833333,434.678761,428.766702,429.220635,467.414483,437.883401,355.671181,287.534737
2029.916667,434.883424,428.942410,429.399522,467.785135,438.127787,355.691233,287.514976
2030.000000,435.088161,429.118111,429.578412,468.156521,438.372438,355.711233,287.495258
2030.083333,435.292972,429.293804,429.757304,468.528641,438.617353,355.731182,287.475583
2030.166667,435.497856,429.469488,429.936198,468.901497,438.862531,355.751079,287.455951
2030.250000,435.702814,429.645163,430.115094,469.275091,439.107974,355.770924,287.436361
2030.333333,435.907844,429.820828,430.293990,469.649423,439.353681,355.790717,287.416814
2030.416667,436.112947,429.996484,430.472887,470.024496,439.599651,355.810460,287.397309
2030.500000,436.318121,430.172129,430.651784,470.400311,439.845886,355.830150,287.377847
2030.583333,436.523366,430.347762,430.830680,470.776868,440.092384,355.849790,287.358428
2030.666667,436.728682,430.523385,431.009575,471.154171,440.339146,355.869379,287.339050
2030.750000,436.934068,430.698995,431.188469,471.532220,440.586172,355.888917,287.319715
2030.833333,437.139524,430.874593,431.367360,471.911016,440.833461,355.908403,287.300423
2030.916667,437.345049,431.050177,431.546248,472.290562,441.081013,355.927839,287.281173
2031.000000,437.550642,431.225748,431.725134,472.670858,441.328829,355.947225,287.261965
2031.083333,437.756304,431.401305,431.904016,473.051906,441.576908,355.966560,287.242799
2031.166667,437.962033,431.576847,432.082893,473.433708,441.825251,355.985844,287.223675
2031.250000,438.167829,431.752375,432.261766,473.816265,442.073856,356.005078,287.204594
2031.333333,438.373692,431.927886,432.440634,474.199579,442.322725,356.024262,287.185554
2031.416667,438.579621,432.103382,432.619496,474.583650,442.571856,356.043395,287.166557
2031.500000,438.785616,432.278861,432.798352,474.968481,442.821251,356.062479,287.147601
2031.583333,438.991676,432.454322,432.977201,475.354074,443.070908,356.081512,287.128687
2031.666667,439.197800,432.629767,433.156043,475.740429,443.320828,356.100496,287.109816
2031.750000,439.403989,432.805193,433.334878,476.127548,443.571010,356.119430,287.090985
2031.833333,439.610241,432.980600,433.513704,476.515432,443.821455,356.138314,287.072197
2031.916667,439.816556,433.155988,433.692521,476.904084,444.072162,356.157149,287.053451
2032.000000,440.022934,433.331357,433.871330,477.293505,444.323132,356.175935,287.034746
2032.083333,440.229374,433.506705,434.050128,477.683695,444.574364,356.194671,287.016082
2032.166667,440.435876,433.682033,434.228916,478.074657,444.825858,356.213357,286.997460
2032.250000,440.642439,433.857340,434.407694,478.466393,445.077614,356.231995,286.978880
2032.333333,440.849062,434.032625,434.586460,478.858903,445.329631,356.250584,286.960341
2032.416667,441.055745,434.207888,434.765215,479.252190,445.581911,356.269124,286.941844
2032.500000,441.262488,434.383128,434.943957,479.646254,445.834452,356.287615,286.923388
2032.583333,441.469290,434.558346,435.122687,480.041098,446.087255,356.306057,286.904973
2032.666667,441.676150,434.733539,435.301403,480.436722,446.340320,356.324451,286.886599
2032.750000,441.883069,434.908709,435.480106,480.833129,446.593646,356.342796,286.868267
2032.833333,442.090045,435.083853,435.658794,481.230320,446.847233,356.361093,286.849976
2032.916667,442.297078,435.258973,435.837467,481.628296,447.101081,356.379341,286.831725
2033.000000,442.504167,435.434067,436.016126,482.027060,447.355190,356.397542,286.813516
2033.083333,442.711312,435.609135,436.194768,482.426612,447.609561,356.415694,286.795348
2033.166667,442.918513,435.784176,436.373394,482.826955,447.864192,356.433798,286.777221
2033.250000,443.125769,435.959190,436.552004,483.228089,448.119084,356.451854,286.759135
2033.333333,443.333079,436.134176,436.730596,483.630016,448.374236,356.469863,286.741089
2033.416667,443.540443,436.309134,436.909171,484.032739,448.629649,356.487824,286.723084
2033.500000,443.747860,436.484064,437.087727,484.436258,448.885322,356.505737,286.705120
2033.583333,443.955330,436.658964,437.266264,484.840574,449.141256,356.523603,286.687197
2033.666667,444.162853,436.833835,437.444782,485.245691,449.397449,356.541421,286.669314
2033.750000,444.370427,437.008676,437.623280,485.651609,449.653903,356.559192,286.651472
2033.833333,444.578053,437.183486,437.801758,486.058329,449.910617,356.576916,286.633671
2033.916667,444.785729,437.358265,437.980215,486.465854,450.167590,356.594593,286.615910
2034.000000,444.993456,437.533012,438.158651,486.874185,450.424823,356.612223,286.598189
2034.083333,445.201232,437.707728,438.337065,487.283323,450.682315,356.629806,286.580508
2034.166667,445.409057,437.882410,438.515457,487.693271,450.940067,356.647343,286.562868
2034.250000,445.616932,438.057060,438.693826,488.104029,451.198078,356.664832,286.545268
2034.333333,445.824854,438.231676,438.872172,488.515600,451.456348,356.682275,286.527709
2034.416667,446.032824,438.406257,439.050494,488.927985,451.714877,356.699672,286.510189
2034.500000,446.240841,438.580805,439.228791,489.341185,451.973665,356.717022,286.492710
2034.583333,446.448905,438.755317,439.407064,489.755203,452.232712,356.734326,286.475270
2034.666667,446.657015,438.929794,439.585312,490.170039,452.492017,356.751584,286.457871
2034.750000,446.865170,439.104234,439.763533,490.585696,452.751581,356.768796,286.440511
2034.833333,447.073371,439.278638,439.941729,491.002174,453.011403,356.785962,286.423192
2034.916667,447.281616,439.453005,440.119898,491.419477,453.271483,356.803082,286.405912
2035.000000,447.489904,439.627334,440.298039,491.837604,453.531821,356.820156,286.388672
2035.083333,447.698237,439.801626,440.476153,492.256559,453.792417,356.837184,286.371471
2035.166667,447.906612,439.975879,440.654238,492.676342,454.053271,356.854167,286.354311
2035.250000,448.115030,440.150092,440.832294,493.096956,454.314382,356.871105,286.337190
2035.333333,448.323489,440.324267,441.010322,493.518401,454.575751,356.887997,286.320108
2035.416667,448.531990,440.498401,441.188319,493.940680,454.837377,356.904844,286.303066
2035.500000,448.740531,440.672495,441.366286,494.363794,455.099260,356.921646,286.286063
2035.583333,448.949113,440.846548,441.544223,494.787745,455.361400,356.938402,286.269100
2035.666667,449.157735,441.020559,441.722128,495.212534,455.623797,356.955114,286.252176
2035.750000,449.366395,441.194529,441.900002,495.638163,455.886450,356.971781,286.235291
2035.833333,449.575095,441.368456,442.077843,496.064634,456.149360,356.988403,286.218445
2035.916667,449.783832,441.542340,442.255651,496.491949,456.412527,357.004980,286.201639
2036.000000,449.992607,441.716181,442.433426,496.920109,456.675949,357.021513,286.184871
2036.083333,450.201420,441.889978,442.611168,497.349115,456.939628,357.038002,286.168143
2036.166667,450.410268,442.063731,442.788875,497.778970,457.203562,357.054446,286.151453
2036.250000,450.619153,442.237438,442.966548,498.209675,457.467753,357.070845,286.134803
2036.333333,450.828074,442.411101,443.144185,498.641232,457.732198,357.087201,286.118191
2036.416667,451.037029,442.584717,443.321787,499.073642,457.996899,357.103513,286.101619
2036.500000,451.246018,442.758288,443.499352,499.506908,458.261856,357.119780,286.085084
2036.583333,451.455042,442.931811,443.676881,499.941030,458.527067,357.136004,286.068589
2036.666667,451.664099,443.105287,443.854373,500.376011,458.792534,357.152184,286.052132
2036.750000,451.873188,443.278716,444.031827,500.811852,459.058255,357.168320,286.035714
2036.833333,452.082310,443.452096,444.209243,501.248555,459.324230,357.184413,286.019334
2036.916667,452.291464,443.625428,444.386620,501.686122,459.590460,357.200462,286.002993
2037.000000,452.500649,443.798710,444.563958,502.124554,459.856944,357.216468,285.986690
2037.083333,452.709864,443.971943,444.741256,502.563854,460.123682,357.232430,285.970426
2037.166667,452.919110,444.145125,444.918515,503.004022,460.390674,357.248350,285.954199
2037.250000,453.128385,444.318257,445.095732,503.445061,460.657920,357.264226,285.938011
2037.333333,453.337690,444.491338,445.272909,503.886971,460.925419,357.280059,285.921862
2037.416667,453.547022,444.664367,445.450044,504.329756,461.193171,357.295850,285.905750
2037.500000,453.756383,444.837344,445.627137,504.773417,461.461177,357.311597,285.889676
2037.583333,453.965771,445.010269,445.804188,505.217955,461.729435,357.327302,285.873640
2037.666667,454.175187,445.183141,445.981195,505.663372,461.997947,357.342965,285.857643
2037.750000,454.384628,445.355959,446.158159,506.109670,462.266710,357.358585,285.841683
2037.833333,454.594095,445.528723,446.335079,506.556851,462.535726,357.374162,285.825761
2037.916667,454.803588,445.701433,446.511955,507.004916,462.804995,357.389697,285.809876
2038.000000,455.013105,445.874088,446.688785,507.453868,463.074515,357.405190,285.794030
2038.083333,455.222647,446.046688,446.865571,507.903707,463.344287,357.420641,285.778221
2038.166667,455.432212,446.219232,447.042310,508.354436,463.614311,357.436050,285.762449
2038.250000,455.641800,446.391719,447.219003,508.806056,463.884586,357.451416,285.746715
2038.333333,455.851411,446.564150,447.395648,509.258569,464.155112,357.466742,285.731019
2038.416667,456.061044,446.736523,447.572247,509.711978,464.425890,357.482025,285.715360
2038.500000,456.270699,446.908839,447.748798,510.166283,464.696918,357.497267,285.699738
2038.583333,456.480374,447.081097,447.925300,510.621487,464.968197,357.512467,285.684154
2038.666667,456.690070,447.253296,448.101754,511.077590,465.239726,357.527625,285.668607
2038.750000,456.899786,447.425436,448.278158,511.534596,465.511505,357.542743,285.653097
2038.833333,457.109521,447.597516,448.454512,511.992506,465.783534,357.557819,285.637624
2038.916667,457.319275,447.769536,448.630817,512.451321,466.055814,357.572854,285.622188
2039.000000,457.529047,447.941496,448.807070,512.911044,466.328342,357.587848,285.606789
2039.083333,457.738837,448.113395,448.983273,513.371676,466.601121,357.602801,285.591427
2039.166667,457.948644,448.285232,449.159423,513.833219,466.874148,357.617713,285.576102
2039.250000,458.158467,448.457007,449.335522,514.295675,467.147424,357.632584,285.560814
2039.333333,458.368307,448.628720,449.511568,514.759045,467.420949,357.647415,285.545562
2039.416667,458.578162,448.800370,449.687560,515.223332,467.694723,357.662205,285.530347
2039.500000,458.788032,448.971957,449.863500,515.688537,467.968745,357.676954,285.515169
2039.583333,458.997917,449.143481,450.039385,516.154662,468.243015,357.691663,285.500027
2039.666667,459.207816,449.314940,450.215216,516.621709,468.517532,357.706332,285.484922
2039.750000,459.417728,449.486334,450.390991,517.089680,468.792298,357.720961,285.469853
2039.833333,459.627652,449.657663,450.566712,517.558576,469.067311,357.735550,285.454821
2039.916667,459.837589,449.828927,450.742376,518.028399,469.342571,357.750098,285.439825
2040.000000,460.047538,450.000124,450.917984,518.499152,469.618078,357.764607,285.424865
2040.083333,460.257498,450.171255,451.093535,518.970835,469.893832,357.779075,285.409942
2040.166667,460.467469,450.342320,451.269029,519.443452,470.169832,357.793504,285.395054
2040.250000,460.677449,450.513316,451.444464,519.917003,470.446079,357.807894,285.380203
2040.333333,460.887440,450.684245,451.619842,520.391491,470.722572,357.822244,285.365388
2040.416667,461.097439,450.855106,451.795161,520.866917,470.999311,357.836554,285.350608
2040.500000,461.307447,451.025898,451.970421,521.343284,471.276295,357.850825,285.335865
2040.583333,461.517462,451.196621,452.145621,521.820592,471.553525,357.865057,285.321157
2040.666667,461.727485,451.367274,452.320761,522.298845,471.830999,357.879249,285.306486
2040.750000,461.937515,451.537856,452.495840,522.778043,472.108719,357.893403,285.291850
2040.833333,462.147551,451.708369,452.670858,523.258189,472.386684,357.907517,285.277249
2040.916667,462.357593,451.878810,452.845815,523.739285,472.664892,357.921593,285.262684
2041.000000,462.567640,452.049180,453.020710,524.221332,472.943345,357.935630,285.248155
2041.083333,462.777692,452.219478,453.195542,524.704332,473.222042,357.949628,285.233661
2041.166667,462.987748,452.389704,453.370311,525.188288,473.500983,357.963587,285.219203
2041.250000,463.197807,452.559857,453.545017,525.673201,473.780167,357.977508,285.204780
2041.333333,463.407870,452.729937,453.719660,526.159073,474.059594,357.991391,285.190392
2041.416667,463.617935,452.899943,453.894237,526.645906,474.339265,358.005235,285.176039
2041.500000,463.828001,453.069874,454.068751,527.133701,474.619178,358.019041,285.161722
2041.583333,464.038069,453.239732,454.243199,527.622462,474.899333,358.032809,285.147440
2041.666667,464.248138,453.409514,454.417581,528.112189,475.179731,358.046538,285.133193
2041.750000,464.458208,453.579221,454.591897,528.602884,475.460370,358.060230,285.118980
2041.833333,464.668277,453.748852,454.766147,529.094550,475.741252,358.073884,285.104803
2041.916667,464.878345,453.918407,454.940329,529.587188,476.022374,358.087500,285.090661
2042.000000,465.088412,454.087885,455.114444,530.080801,476.303738,358.101078,285.076553
2042.083333,465.298477,454.257286,455.288491,530.575390,476.585343,358.114618,285.062480
2042.166667,465.508539,454.426609,455.462470,531.070957,476.867189,358.128122,285.048442
2042.250000,465.718599,454.595854,455.636380,531.567504,477.149275,358.141587,285.034438
2042.333333,465.928655,454.765021,455.810221,532.065033,477.431601,358.155016,285.020469
2042.416667,466.138707,454.934108,455.983992,532.563546,477.714167,358.168407,285.006535
2042.500000,466.348754,455.103117,456.157693,533.063045,477.996972,358.181760,284.992635
2042.583333,466.558796,455.272045,456.331323,533.563532,478.280017,358.195077,284.978769
2042.666667,466.768833,455.440894,456.504882,534.065009,478.563301,358.208357,284.964937
2042.750000,466.978863,455.609661,456.678369,534.567477,478.846823,358.221600,284.951140
2042.833333,467.188886,455.778348,456.851785,535.070940,479.130585,358.234806,284.937377
2042.916667,467.398902,455.946953,457.025128,535.575398,479.414584,358.247975,284.923648
2043.000000,467.608910,456.115476,457.198398,536.080853,479.698822,358.261108,284.909954
2043.083333,467.818910,456.283917,457.371595,536.587309,479.983297,358.274204,284.896293
2043.166667,468.028901,456.452275,457.544718,537.094765,480.268009,358.287264,284.882666
2043.250000,468.238882,456.620550,457.717767,537.603226,480.552959,358.300288,284.869073
2043.333333,468.448853,456.788741,457.890742,538.112692,480.838145,358.313275,284.855514
2043.416667,468.658813,456.956849,458.063641,538.623166,481.123569,358.326226,284.841988
2043.500000,468.868763,457.124871,458.236465,539.134649,481.409228,358.339140,284.828497
2043.583333,469.078700,457.292809,458.409212,539.647144,481.695123,358.352019,284.815039
2043.666667,469.288626,457.460662,458.581884,540.160652,481.981255,358.364862,284.801614
2043.750000,469.498538,457.628428,458.754478,540.675176,482.267621,358.377669,284.788223
2043.833333,469.708438,457.796109,458.926996,541.190718,482.554223,358.390440,284.774865
2043.916667,469.918323,457.963703,459.099435,541.707279,482.841059,358.403176,284.761541
2044.000000,470.128194,458.131210,459.271797,542.224861,483.128130,358.415876,284.748250
2044.083333,470.338050,458.298630,459.444080,542.743468,483.415436,358.428541,284.734993
2044.166667,470.547890,458.465962,459.616284,543.263100,483.702975,358.441170,284.721768
2044.250000,470.757715,458.633205,459.788408,543.783760,483.990748,358.453764,284.708577
2044.333333,470.967522,458.800360,459.960453,544.305449,484.278754,358.466322,284.695419
2044.416667,471.177313,458.967426,460.132417,544.828170,484.566994,358.478846,284.682294
2044.500000,471.387086,459.134403,460.304301,545.351925,484.855466,358.491334,284.669202
2044.583333,471.596841,459.301289,460.476103,545.876716,485.144171,358.503788,284.656142
2044.666667,471.806577,459.468086,460.647824,546.402545,485.433108,358.516206,284.643116
2044.750000,472.016293,459.634791,460.819463,546.929413,485.722276,358.528590,284.630122
2044.833333,472.225990,459.801406,460.991019,547.457324,486.011677,358.540939,284.617161
2044.916667,472.435667,459.967929,461.162493,547.986279,486.301308,358.553254,284.604233
2045.000000,472.645322,460.134360,461.333883,548.516279,486.591170,358.565534,284.591337
2045.083333,472.854956,460.300699,461.505189,549.047329,486.881264,358.577779,284.578473
2045.166667,473.064568,460.466945,461.676412,549.579428,487.171587,358.589990,284.565643
2045.250000,473.274158,460.633098,461.847549,550.112579,487.462140,358.602167,284.552844
2045.333333,473.483724,460.799157,462.018602,550.646785,487.752923,358.614310,284.540078
2045.416667,473.693267,460.965123,462.189570,551.182048,488.043936,358.626418,284.527344
2045.500000,473.902785,461.130994,462.360451,551.718369,488.335177,358.638493,284.514643
2045.583333,474.112279,461.296771,462.531247,552.255751,488.626647,358.650533,284.501973
2045.666667,474.321747,461.462452,462.701955,552.794196,488.918346,358.662540,284.489336
2045.750000,474.531190,461.628038,462.872577,553.333705,489.210273,358.674513,284.476730
2045.833333,474.740607,461.793528,463.043111,553.874282,489.502427,358.686452,284.464157
2045.916667,474.949996,461.958922,463.213557,554.415927,489.794809,358.698358,284.451615
2046.000000,475.159358,462.124219,463.383915,554.958644,490.087418,358.710230,284.439106
2046.083333,475.368692,462.289419,463.554185,555.502434,490.380254,358.722068,284.426628
2046.166667,475.577998,462.454522,463.724365,556.047300,490.673316,358.733874,284.414182
2046.250000,475.787275,462.619526,463.894455,556.593243,490.966604,358.745646,284.401767
2046.333333,475.996522,462.784433,464.064456,557.140266,491.260118,358.757385,284.389384
2046.416667,476.205739,462.949240,464.234366,557.688371,491.553858,358.769090,284.377033
2046.500000,476.414925,463.113949,464.404185,558.237560,491.847822,358.780763,284.364713
2046.583333,476.624080,463.278559,464.573914,558.787835,492.142012,358.792403,284.352424
2046.666667,476.833204,463.443068,464.743550,559.339198,492.436426,358.804010,284.340167
2046.750000,477.042295,463.607478,464.913095,559.891652,492.731064,358.815584,284.327941
2046.833333,477.251353,463.771787,465.082547,560.445198,493.025926,358.827125,284.315747
2046.916667,477.460379,463.935994,465.251906,560.999839,493.321011,358.838634,284.303583
2047.000000,477.669370,464.100101,465.421173,561.555577,493.616319,358.850111,284.291451
2047.083333,477.878327,464.264106,465.590345,562.112414,493.911850,358.861554,284.279349
2047.166667,478.087249,464.428009,465.759424,562.670352,494.207603,358.872966,284.267279
2047.250000,478.296135,464.591809,465.928408,563.229394,494.503579,358.884345,284.255239
2047.333333,478.504986,464.755507,466.097297,563.789541,494.799776,358.895692,284.243231
2047.416667,478.713800,464.919101,466.266092,564.350797,495.096194,358.907007,284.231253
2047.500000,478.922577,465.082592,466.434790,564.913162,495.392834,358.918290,284.219306
2047.583333,479.131316,465.245979,466.603393,565.476639,495.689694,358.929541,284.207389
2047.666667,479.340017,465.409261,466.771899,566.041231,495.986774,358.940760,284.195503
2047.750000,479.548680,465.572439,466.940308,566.606939,496.284074,358.951947,284.183648
2047.833333,479.757303,465.735512,467.108621,567.173766,496.581594,358.963103,284.171823
2047.916667,479.965887,465.898479,467.276835,567.741715,496.879333,358.974227,284.160029
2048.000000,480.174431,466.061341,467.444952,568.310786,497.177291,358.985319,284.148265
2048.083333,480.382933,466.224096,467.612970,568.880983,497.475467,358.996380,284.136531
2048.166667,480.591395,466.386745,467.780890,569.452308,497.773861,359.007410,284.124828
2048.250000,480.799814,466.549287,467.948710,570.024762,498.072474,359.018408,284.113154
2048.333333,481.008191,466.711722,468.116431,570.598349,498.371303,359.029375,284.101511
2048.416667,481.216526,466.874049,468.284052,571.173070,498.670350,359.040311,284.089898
2048.500000,481.424817,467.036268,468.451573,571.748928,498.969613,359.051216,284.078315
2048.583333,481.633064,467.198379,468.618993,572.325924,499.269092,359.062089,284.066761
2048.666667,481.841266,467.360381,468.786312,572.904062,499.568788,359.072932,284.055238
2048.750000,482.049424,467.522274,468.953530,573.483343,499.868699,359.083744,284.043745
2048.833333,482.257536,467.684057,469.120646,574.063770,500.168825,359.094526,284.032281
2048.916667,482.465602,467.845731,469.287659,574.645345,500.469165,359.105276,284.020847
2049.000000,482.673621,468.007295,469.454571,575.228070,500.769720,359.115996,284.009442
2049.083333,482.881594,468.168748,469.621379,575.811947,501.070490,359.126686,283.998067
2049.166667,483.089518,468.330091,469.788083,576.396979,501.371473,359.137345,283.986722
2049.250000,483.297395,468.491322,469.954685,576.983168,501.672669,359.147973,283.975406
2049.333333,483.505223,468.652441,470.121182,577.570517,501.974078,359.158572,283.964119
2049.416667,483.713001,468.813449,470.287574,578.159027,502.275699,359.169140,283.952862
2049.500000,483.920730,468.974345,470.453862,578.748701,502.577533,359.179678,283.941634
2049.583333,484.128409,469.135128,470.620045,579.339541,502.879578,359.190186,283.930435
2049.666667,484.336037,469.295798,470.786122,579.931549,503.181834,359.200664,283.919266
2049.750000,484.543614,469.456355,470.952093,580.524729,503.484302,359.211112,283.908125
2049.833333,484.751139,469.616798,471.117958,581.119082,503.786980,359.221530,283.897013
2049.916667,484.958612,469.777127,471.283716,581.714610,504.089868,359.231919,283.885931
2050.000000,485.166032,469.937342,471.449367,582.311316,504.392966,359.242278,283.874877
